-- MySQL dump 10.13  Distrib 8.0.21, for Win64 (x86_64)
--
-- Host: 127.0.0.1    Database: cuci_in_database
-- ------------------------------------------------------
-- Server version	8.0.21

/*!40101 SET @OLD_CHARACTER_SET_CLIENT=@@CHARACTER_SET_CLIENT */;
/*!40101 SET @OLD_CHARACTER_SET_RESULTS=@@CHARACTER_SET_RESULTS */;
/*!40101 SET @OLD_COLLATION_CONNECTION=@@COLLATION_CONNECTION */;
/*!50503 SET NAMES utf8 */;
/*!40103 SET @OLD_TIME_ZONE=@@TIME_ZONE */;
/*!40103 SET TIME_ZONE='+00:00' */;
/*!40014 SET @OLD_UNIQUE_CHECKS=@@UNIQUE_CHECKS, UNIQUE_CHECKS=0 */;
/*!40014 SET @OLD_FOREIGN_KEY_CHECKS=@@FOREIGN_KEY_CHECKS, FOREIGN_KEY_CHECKS=0 */;
/*!40101 SET @OLD_SQL_MODE=@@SQL_MODE, SQL_MODE='NO_AUTO_VALUE_ON_ZERO' */;
/*!40111 SET @OLD_SQL_NOTES=@@SQL_NOTES, SQL_NOTES=0 */;

--
-- Table structure for table `customers`
--

DROP TABLE IF EXISTS `customers`;
/*!40101 SET @saved_cs_client     = @@character_set_client */;
/*!50503 SET character_set_client = utf8mb4 */;
CREATE TABLE `customers` (
  `id` bigint unsigned NOT NULL AUTO_INCREMENT,
  `user_id` bigint unsigned NOT NULL,
  `address` varchar(191) COLLATE utf8mb4_unicode_ci NOT NULL,
  `created_at` timestamp NULL DEFAULT NULL,
  `updated_at` timestamp NULL DEFAULT NULL,
  `deleted_at` timestamp NULL DEFAULT NULL,
  PRIMARY KEY (`id`)
) ENGINE=InnoDB AUTO_INCREMENT=4 DEFAULT CHARSET=utf8mb4 COLLATE=utf8mb4_unicode_ci;
/*!40101 SET character_set_client = @saved_cs_client */;

--
-- Dumping data for table `customers`
--

LOCK TABLES `customers` WRITE;
/*!40000 ALTER TABLE `customers` DISABLE KEYS */;
INSERT INTO `customers` VALUES (1,1,'puri','2020-10-14 07:47:02','2020-10-14 07:47:02',NULL),(2,123,'putra','2020-10-14 08:23:13','2020-10-14 08:23:13',NULL),(3,312,'putri','2020-10-14 08:23:20','2020-10-14 08:23:20',NULL);
/*!40000 ALTER TABLE `customers` ENABLE KEYS */;
UNLOCK TABLES;

--
-- Table structure for table `laundry_types`
--

DROP TABLE IF EXISTS `laundry_types`;
/*!40101 SET @saved_cs_client     = @@character_set_client */;
/*!50503 SET character_set_client = utf8mb4 */;
CREATE TABLE `laundry_types` (
  `id` bigint unsigned NOT NULL AUTO_INCREMENT,
  `name` varchar(191) COLLATE utf8mb4_unicode_ci NOT NULL,
  `created_at` timestamp NULL DEFAULT NULL,
  `updated_at` timestamp NULL DEFAULT NULL,
  `deleted_at` timestamp NULL DEFAULT NULL,
  PRIMARY KEY (`id`)
) ENGINE=InnoDB AUTO_INCREMENT=4 DEFAULT CHARSET=utf8mb4 COLLATE=utf8mb4_unicode_ci;
/*!40101 SET character_set_client = @saved_cs_client */;

--
-- Dumping data for table `laundry_types`
--

LOCK TABLES `laundry_types` WRITE;
/*!40000 ALTER TABLE `laundry_types` DISABLE KEYS */;
INSERT INTO `laundry_types` VALUES (1,'Laundry Kilat','2020-11-21 01:38:19','2020-11-21 01:38:19',NULL),(2,'Laundry Cepat banget','2020-11-21 01:38:32','2020-11-21 01:38:32',NULL),(3,'Laundry Cepat banget','2020-11-25 06:10:26','2020-11-25 06:10:26',NULL);
/*!40000 ALTER TABLE `laundry_types` ENABLE KEYS */;
UNLOCK TABLES;

--
-- Table structure for table `migrations`
--

DROP TABLE IF EXISTS `migrations`;
/*!40101 SET @saved_cs_client     = @@character_set_client */;
/*!50503 SET character_set_client = utf8mb4 */;
CREATE TABLE `migrations` (
  `id` int unsigned NOT NULL AUTO_INCREMENT,
  `migration` varchar(255) COLLATE utf8mb4_unicode_ci NOT NULL,
  `batch` int NOT NULL,
  PRIMARY KEY (`id`)
) ENGINE=InnoDB AUTO_INCREMENT=31 DEFAULT CHARSET=utf8mb4 COLLATE=utf8mb4_unicode_ci;
/*!40101 SET character_set_client = @saved_cs_client */;

--
-- Dumping data for table `migrations`
--

LOCK TABLES `migrations` WRITE;
/*!40000 ALTER TABLE `migrations` DISABLE KEYS */;
INSERT INTO `migrations` VALUES (1,'2014_10_12_000000_create_users_table',1),(2,'2020_10_08_110550_create_owners_table',1),(14,'2016_06_01_000001_create_oauth_auth_codes_table',2),(15,'2016_06_01_000002_create_oauth_access_tokens_table',2),(16,'2016_06_01_000003_create_oauth_refresh_tokens_table',2),(17,'2016_06_01_000004_create_oauth_clients_table',2),(18,'2016_06_01_000005_create_oauth_personal_access_clients_table',2),(19,'2020_10_08_123111_create_laundry_types_table',2),(20,'2020_10_08_134017_create_transactions_table',2),(21,'2020_10_08_150419_add_column_laundry_type_on_transaction_table',2),(22,'2020_10_08_151236_create_outlets_table',2),(23,'2020_10_09_062127_cuci_migration',2),(24,'2020_10_09_063937_create_customers_table',2),(25,'2020_10_09_065155_create_owners_table',3),(26,'2020_10_09_073328_drop_manhours_migration',3),(27,'2020_10_10_092743_add_remember_token_on_user_table',3),(28,'2020_10_12_072933_add_column_user_id_on_customer_table',3),(29,'2020_10_12_074642_drop_column_price_on_laundry_type',3),(30,'2020_10_12_074750_edit_colomn_laundry_type_id_on_transaction',3);
/*!40000 ALTER TABLE `migrations` ENABLE KEYS */;
UNLOCK TABLES;

--
-- Table structure for table `oauth_access_tokens`
--

DROP TABLE IF EXISTS `oauth_access_tokens`;
/*!40101 SET @saved_cs_client     = @@character_set_client */;
/*!50503 SET character_set_client = utf8mb4 */;
CREATE TABLE `oauth_access_tokens` (
  `id` varchar(100) COLLATE utf8mb4_unicode_ci NOT NULL,
  `user_id` bigint unsigned DEFAULT NULL,
  `client_id` bigint unsigned NOT NULL,
  `name` varchar(191) COLLATE utf8mb4_unicode_ci DEFAULT NULL,
  `scopes` text COLLATE utf8mb4_unicode_ci,
  `revoked` tinyint(1) NOT NULL,
  `created_at` timestamp NULL DEFAULT NULL,
  `updated_at` timestamp NULL DEFAULT NULL,
  `expires_at` datetime DEFAULT NULL,
  PRIMARY KEY (`id`),
  KEY `oauth_access_tokens_user_id_index` (`user_id`)
) ENGINE=InnoDB DEFAULT CHARSET=utf8mb4 COLLATE=utf8mb4_unicode_ci;
/*!40101 SET character_set_client = @saved_cs_client */;

--
-- Dumping data for table `oauth_access_tokens`
--

LOCK TABLES `oauth_access_tokens` WRITE;
/*!40000 ALTER TABLE `oauth_access_tokens` DISABLE KEYS */;
INSERT INTO `oauth_access_tokens` VALUES ('00d856eb34f7f85578622386ae22d5faf48c886936de8a98d8159880691d5e483ab1aab1527ce17b',4,3,'Personal Access Token','[]',0,'2020-12-11 05:15:24','2020-12-11 05:15:24','2021-12-11 12:15:24'),('01c017197a543d183d2d460c2598b35bdf0c2296434feaff409ff87039119c72b64f36c784157061',4,3,'Personal Access Token','[]',0,'2020-12-04 02:23:33','2020-12-04 02:23:33','2021-12-04 09:23:33'),('042a31df87f5e6bbdb7b41b5e25de902d7c641c84c188b8def433aae4dd249d91541a397c12ddd27',4,3,'Personal Access Token','[]',0,'2020-12-03 13:36:47','2020-12-03 13:36:47','2021-12-03 20:36:47'),('043c3f6098651d617252f0c5117b5e2d2d281d1ae679d5348d2f6767b47fe327148b3cc775f48754',4,3,'Personal Access Token','[]',0,'2020-12-03 20:04:48','2020-12-03 20:04:48','2021-12-04 03:04:48'),('0529eaf2c09fd298226b1f438febd266f52180e8527751ae17ad850e16a76306dcef6dc877c59ae9',4,3,'Personal Access Token','[]',0,'2020-12-05 06:23:14','2020-12-05 06:23:14','2021-12-05 13:23:14'),('060b3d5af38c76ed2c1bc8bde80099d06d89ae5dabc1e7f976936492d52414b85af45752103bf9cd',4,3,'Personal Access Token','[]',0,'2020-11-29 22:24:38','2020-11-29 22:24:38','2021-11-30 05:24:38'),('0731481b9bb8ce74bb224d6f856b0e197e233b7f7e4f30d52d3ea1dc31106741aa275c3b28dedfaf',4,3,'Personal Access Token','[]',0,'2020-11-21 00:44:18','2020-11-21 00:44:18','2021-11-21 07:44:18'),('0828c39209dadac76473d40237cf8597431856bdbafc2c4d8cb21a35bc7ee1495f0d773d94b5e075',4,3,'Personal Access Token','[]',0,'2020-12-15 02:19:43','2020-12-15 02:19:43','2021-12-15 09:19:43'),('0a8db8f79868e3947fd1c6e92612fe2a76b223801d115012bb98f02972f99b75e4a0dfb9baa6206c',4,3,'Personal Access Token','[]',0,'2020-12-04 02:26:57','2020-12-04 02:26:57','2021-12-04 09:26:57'),('0bc774898164754ddff3ca769fa1385b7f9f70ea1f77e414517538319c3a4dc8a022d3c6dd2939d8',4,3,'Personal Access Token','[]',0,'2020-11-23 16:34:59','2020-11-23 16:34:59','2021-11-23 23:34:59'),('0dee07dacfac223011932310cef98501de9e44d9cb8180b59d4c9fd6e3dcb03dfc20d37b5362009f',4,3,'Personal Access Token','[]',0,'2020-11-21 04:09:59','2020-11-21 04:09:59','2021-11-21 11:09:59'),('0ebc745da7a1997e7a649503c9d109cd33d130488650f1affe200e83ee21783a1d322337a97f406b',4,3,'Personal Access Token','[]',0,'2020-11-23 05:04:21','2020-11-23 05:04:21','2021-11-23 12:04:21'),('0f9800bf6d78047e9dacecb5813781813853876c9ab3b6c6ca15a86d058abc39e815f05cf05f49c4',4,3,'Personal Access Token','[]',0,'2020-11-29 22:41:07','2020-11-29 22:41:07','2021-11-30 05:41:07'),('10090db5060e34e3c39d92ea7227fd416b197d75849d163b50338e5d57d61eff78c525f2a71c27e6',4,3,'Personal Access Token','[]',0,'2020-12-05 06:39:49','2020-12-05 06:39:49','2021-12-05 13:39:49'),('10590081834c8cf3cfcea5ccd6356f429fd473e00ed348cba4c7259382a1d3ee8dced1ff38350f35',4,3,'Personal Access Token','[]',0,'2020-12-06 04:24:42','2020-12-06 04:24:42','2021-12-06 11:24:42'),('112bac5737fb01623dfa375771ac4d989fb7d41a514b7184e2ad54327b3b05339801aea6b2496332',4,3,'Personal Access Token','[]',0,'2020-11-29 22:27:47','2020-11-29 22:27:47','2021-11-30 05:27:47'),('12910d15fcabdd6ab300547833b63f60e567cc3a75a88a915d52fc66adf47e4e75d248410ab69192',4,3,'Personal Access Token','[]',0,'2020-12-05 06:27:05','2020-12-05 06:27:05','2021-12-05 13:27:05'),('12c8477f76e5a35f058f7311f88684afcbb46b017cdbf624129e941f0404d53d47490b80ce932e4f',4,3,'Personal Access Token','[]',1,'2020-12-02 03:45:21','2020-12-02 03:45:21','2021-12-02 10:45:21'),('14185dc9fe33ae1dc0aa993d4640d5e35821312b0cb5a1f8984ef1069638a56ce20651c454449a89',4,3,'Personal Access Token','[]',0,'2020-12-02 02:25:22','2020-12-02 02:25:22','2021-12-02 09:25:22'),('1460d390fded0f8ed404317ef0837de560334de30513a937feda59641e5722b72fc0d836dff87aa5',4,3,'Personal Access Token','[]',0,'2020-11-23 05:21:09','2020-11-23 05:21:09','2021-11-23 12:21:09'),('1a8e08bdea35b7024578eda5057d77be4865d56ed20817a43186e0ff2d231b38f2b3af558f3292c4',4,3,'Personal Access Token','[]',0,'2020-12-01 02:47:54','2020-12-01 02:47:54','2021-12-01 09:47:54'),('1bab923696317b9bd178085d9fe12f326256cb45d65a9705dc5076148d2abea27fb09e3bfe990dca',4,3,'Personal Access Token','[]',0,'2020-12-04 02:32:37','2020-12-04 02:32:37','2021-12-04 09:32:37'),('1cc2bd045ac7e9c633a85aee76876689b9a52d925231fde05c6974c1e011514219a5c99ff44789fb',4,3,'Personal Access Token','[]',0,'2020-11-23 05:04:55','2020-11-23 05:04:55','2021-11-23 12:04:55'),('1db90f891b8c285aac9e5c4e78f6cbc8802bfabf3dc1c3dc89296cf8dabed31b30d4a7e3d83460d8',4,3,'Personal Access Token','[]',0,'2020-11-30 17:38:38','2020-11-30 17:38:38','2021-12-01 00:38:38'),('1ddbda6a241c491be8ea78f3a3a972b28537550bba79995df5bdcf3c2682298b620d59c9680e110f',4,3,'Personal Access Token','[]',0,'2020-11-29 21:52:03','2020-11-29 21:52:03','2021-11-30 04:52:03'),('1ddc64215e9d104f8b2acc6526210183b4da2698b0e09f89a19b9273ced78efb7a683244f323490f',4,3,'Personal Access Token','[]',0,'2020-12-03 13:41:39','2020-12-03 13:41:39','2021-12-03 20:41:39'),('1e583677aecd77a7219d93af737116cb0494172091bbcffe50a39f9434ad69d96a4f8027aa810f19',4,3,'Personal Access Token','[]',0,'2020-12-03 20:11:54','2020-12-03 20:11:54','2021-12-04 03:11:54'),('2143a88f5be83396506a767b34cb4dbed5a39599d5fa1f7330d695fa0fb238ff58eb5c60082caf39',4,3,'Personal Access Token','[]',0,'2020-11-21 04:10:42','2020-11-21 04:10:42','2021-11-21 11:10:42'),('21bead70b78b8156f83f30bcf920865a8ca8520ea700959fac4d355f50632c4aa1eefd8227f6d73e',4,3,'Personal Access Token','[]',0,'2020-11-21 00:50:30','2020-11-21 00:50:30','2021-11-21 07:50:30'),('247951e8122dfaa36521f3fb6cf8f6771e41eab3a1c387eb82ae119c7abd267837dea655460441ce',4,3,'Personal Access Token','[]',0,'2020-11-29 21:26:26','2020-11-29 21:26:26','2021-11-30 04:26:26'),('25b9905053298d39c621ce2710e054791c281a24191d12f8a49c7dae109cbc15cab6c0cea492440a',4,3,'Personal Access Token','[]',0,'2020-12-02 03:12:12','2020-12-02 03:12:12','2021-12-02 10:12:12'),('25cc3eee32d29b9f628af8c2b5ea7608517934de3ea2555f4b072697bce159cad843e442552f39c4',4,3,'Personal Access Token','[]',0,'2020-11-21 02:31:50','2020-11-21 02:31:50','2021-11-21 09:31:50'),('263568714595825bb25fed3cbe5497ea251bd980a2a9f212d20b684cdafea5430acb329565df5633',4,3,'Personal Access Token','[]',0,'2020-11-20 23:37:57','2020-11-20 23:37:57','2021-11-21 06:37:57'),('26607847051a7e2ba20bca745683a07dc0ef3aa3dcfb9d7fa1977a111444387d91a09435333e8c2c',4,3,'Personal Access Token','[]',0,'2020-11-21 02:36:05','2020-11-21 02:36:05','2021-11-21 09:36:05'),('2831618470835168cfe8620d9f30675c9537adf2ec71a0d0b81aeb383089170f3e1427a966970ea9',4,3,'Personal Access Token','[]',0,'2020-12-03 04:45:38','2020-12-03 04:45:38','2021-12-03 11:45:38'),('2881b0cbadb2621cece98f3ddd2b4cc54e694a81e272a525f2da1c9c1b76e1a2988ab7d769a6c7f8',4,3,'Personal Access Token','[]',0,'2020-12-04 02:34:30','2020-12-04 02:34:30','2021-12-04 09:34:30'),('2b393f6cf2a99e6a095b721167aca7e6b8f9fada4c3c54f6bf6a75d31fc157596c5f460c477c0991',4,3,'Personal Access Token','[]',0,'2020-11-21 04:41:05','2020-11-21 04:41:05','2021-11-21 11:41:05'),('2cda289eb55ba553f918b61f21f08a67d4067b9f9f95c803dbe7279ad311f0588fb78c703e829e41',4,3,'Personal Access Token','[]',0,'2020-11-20 23:19:31','2020-11-20 23:19:31','2021-11-21 06:19:31'),('2e37145aa05c3b09951a0313e6345860fa7ba5aa1b68b92d1305da2fabe78a64a3b2050c03beb9fe',4,3,'Personal Access Token','[]',0,'2020-12-09 11:24:28','2020-12-09 11:24:28','2021-12-09 18:24:28'),('2f6dbfd2419d0de7c63162f4470463e1f96e02d9f4be53a6dbb3d3ca579006cf5b37c1396c8eadd5',4,3,'Personal Access Token','[]',0,'2020-11-23 16:29:59','2020-11-23 16:29:59','2021-11-23 23:29:59'),('30c51daf8a10ff8a264c9cffba88bca22872a93d50cd69d4cc565ee8c860e396f967b58228715b17',4,3,'Personal Access Token','[]',0,'2020-11-29 21:28:06','2020-11-29 21:28:06','2021-11-30 04:28:06'),('30fd3e0c70a02841588e55f42429328dcf415a2115195646fc8bc716266af2363368c41e3fb32f50',4,3,'Personal Access Token','[]',0,'2020-12-06 19:33:51','2020-12-06 19:33:51','2021-12-07 02:33:51'),('31c9392378c19d34c0670511a3e4bd294fc90422be248a4c7b6414b4669ae33d6605c3862b002bd4',4,3,'Personal Access Token','[]',0,'2020-12-15 02:10:45','2020-12-15 02:10:45','2021-12-15 09:10:45'),('3282c0b7e70254e3cfe4093f8d81b11fa83b6b43738318774776943ebe70733603475ceda0321f39',4,3,'Personal Access Token','[]',0,'2020-11-20 23:01:46','2020-11-20 23:01:46','2021-11-21 06:01:46'),('354b57f5f03d3694f56057dc70bded2dca168461930a6ac4f817554cb53585989ad8aa7bc88ab034',4,3,'Personal Access Token','[]',0,'2020-12-05 07:02:00','2020-12-05 07:02:00','2021-12-05 14:02:00'),('361720e18e51cd361b9bb263e90e859b4be220d165b0684de2bca96c4d23c287aa460083c6341eb8',4,3,'Personal Access Token','[]',0,'2020-12-03 20:04:49','2020-12-03 20:04:49','2021-12-04 03:04:49'),('36c02de1fdd697ac016d318e30c64dcbc00e59f9cada8a69cde763f6629610627d306ada72e2a7b1',4,3,'Personal Access Token','[]',0,'2020-12-03 18:26:05','2020-12-03 18:26:05','2021-12-04 01:26:05'),('3733ff4cf0ee937a94cb6bd9934c30cf2471267184b685bb660b27fd7e836c36d13740cb851a606b',4,3,'Personal Access Token','[]',0,'2020-11-29 21:26:26','2020-11-29 21:26:26','2021-11-30 04:26:26'),('398c7e506801d3600343fb0a1fcada72e0462ba9f8a64f3ab88f3ed4401e6a19bf46175f217266c8',4,3,'Personal Access Token','[]',0,'2020-12-02 03:47:09','2020-12-02 03:47:09','2021-12-02 10:47:09'),('3acd6c54f9965fe6f2e30733000e702de90796d864e25a583fc935d38f6295fe352308c745db14e6',4,3,'Personal Access Token','[]',0,'2020-11-30 17:38:39','2020-11-30 17:38:39','2021-12-01 00:38:39'),('3bfe1cd6ea96c03c070c07d08d14d8564506617c56fc11b6f3b3c7ceb86105f0487f6a7717a34371',4,3,'Personal Access Token','[]',0,'2020-11-23 04:38:42','2020-11-23 04:38:42','2021-11-23 11:38:42'),('3d642551dfc1cf25a9a7fcce2a036bbc34c26a44e9ed0c0b40772c48389e8c88c05059de851d48c9',4,3,'Personal Access Token','[]',0,'2020-12-03 20:15:36','2020-12-03 20:15:36','2021-12-04 03:15:36'),('3d85bddb40e7eb48841ce73abef8c0dc3a334c227665aadf487e1d18037249b253935d1cf51db26d',4,3,'Personal Access Token','[]',0,'2020-12-06 04:30:26','2020-12-06 04:30:26','2021-12-06 11:30:26'),('3e770eb83e6719e78f875ecf3342af2fdb5c7fabcc805754c319c84c0f1806ebac180597d908a4a6',4,3,'Personal Access Token','[]',0,'2020-11-29 22:46:58','2020-11-29 22:46:58','2021-11-30 05:46:58'),('4059ff5133bf4d2162c2b49bb3a31b3210d78dcb6c772f3109db6fe8948a53cc20321ad2f7901a79',4,3,'Personal Access Token','[]',0,'2020-11-23 04:38:09','2020-11-23 04:38:09','2021-11-23 11:38:09'),('43078c274c38340fff6e1d2c4105f0495f9c141abf908471193bab43438553ffdc2fb29d4e9e38c6',4,3,'Personal Access Token','[]',0,'2020-11-30 00:42:30','2020-11-30 00:42:30','2021-11-30 07:42:30'),('44011e58fca00d3f6a94530787b0e8a52d84c2cfe5417928b3c66c48ccee9debd85e2e420f54e3cb',4,3,'Personal Access Token','[]',0,'2020-11-21 03:44:07','2020-11-21 03:44:07','2021-11-21 10:44:07'),('45418289f730a55e31c26aa08ec11f1169f8cafb625bf662a0cc8be3071b047511e187ba00ff8ad2',4,3,'Personal Access Token','[]',0,'2020-12-02 02:25:19','2020-12-02 02:25:19','2021-12-02 09:25:19'),('47c4be9a5d61890c5ce153e6fdb03eb429e1eb3f2137eea40c88fceea2f4c103a095b232df2c5094',4,3,'Personal Access Token','[]',0,'2020-11-23 05:18:57','2020-11-23 05:18:57','2021-11-23 12:18:57'),('47f0461bf6f9ed40bf49d7135a3c5530746f8ea4707fd8e12ec1ea279ca682f22221768b7452ac8e',4,3,'Personal Access Token','[]',0,'2020-11-29 21:37:32','2020-11-29 21:37:32','2021-11-30 04:37:32'),('482a74fb47d99fb01383d8018213a00a76cdc48109f5592f3892e5eacef129a2fc787c28786abcf9',4,3,'Personal Access Token','[]',0,'2020-11-21 02:39:58','2020-11-21 02:39:58','2021-11-21 09:39:58'),('48a6a1fd7de0e6c0b2fffca6c44c5b439bad3162f53c2bfd453b35b5bd046eb88f63d4f5ac7cfca1',4,3,'Personal Access Token','[]',0,'2020-12-03 20:06:39','2020-12-03 20:06:39','2021-12-04 03:06:39'),('48b32a2164a66d0877642b88805206549571f423a6c36c5cc52aa7be429fcc79380b402821fb343b',4,3,'Personal Access Token','[]',0,'2020-12-03 13:40:29','2020-12-03 13:40:29','2021-12-03 20:40:29'),('49508eec63f98cedb07871f217940613ca2ebbe91f668db46890565d24a5be8b12ea65ee1ac296fd',4,3,'Personal Access Token','[]',0,'2020-12-08 06:31:06','2020-12-08 06:31:06','2021-12-08 13:31:06'),('4a7379f620b2df5c3fe13f9c4fa7f257e60ceed2c6aee411ec16f804faba30296104ea54515e310e',4,3,'Personal Access Token','[]',0,'2020-11-23 05:05:38','2020-11-23 05:05:38','2021-11-23 12:05:38'),('4b54113d253f00c8b3352204e417c2b5a431b98fa2557d47bbd1acc03e57794c4f203a5cb322f22f',4,3,'Personal Access Token','[]',0,'2020-11-21 19:57:08','2020-11-21 19:57:08','2021-11-22 02:57:08'),('4c55d302a5dfe4359e0970f800108290ea86d1d4fffdc2f29473551f4824429dec76ed1fd498e1a8',4,3,'Personal Access Token','[]',0,'2020-11-20 23:24:31','2020-11-20 23:24:31','2021-11-21 06:24:31'),('4de084a9bc012c0d4185b0e5b320f8ea7265be07bfb34441baf5bd73e2781f7110e2abfab5286d7e',4,3,'Personal Access Token','[]',0,'2020-12-03 04:45:38','2020-12-03 04:45:38','2021-12-03 11:45:38'),('4e563a478762b6c3cf5c7b8104b3131732588f048d0159d60af58293aabffc42c9c0169efef48c38',4,3,'Personal Access Token','[]',0,'2020-12-11 05:14:05','2020-12-11 05:14:05','2021-12-11 12:14:05'),('4f5dd74f093020fa50098b29fc681e32e0190c1349a6bcae5931a625c268ba3f7fa914a420268972',4,3,'Personal Access Token','[]',0,'2020-12-03 20:07:53','2020-12-03 20:07:53','2021-12-04 03:07:53'),('5096afa34b0209e2219146e60e8251f9301e036a86d9fa49802bcec8647393943f957b1c9a6d214d',4,3,'Personal Access Token','[]',0,'2020-11-30 00:41:45','2020-11-30 00:41:45','2021-11-30 07:41:45'),('50f24c0be4e83d30b3458d7892b3fdafa74e75158cc15df5e13d5b2211a90a1e43103fad72d39a68',4,3,'Personal Access Token','[]',0,'2020-12-03 13:41:01','2020-12-03 13:41:01','2021-12-03 20:41:01'),('53e303c024a810c3bd8cf5e5b62432c42c59ef8e8d24184527642fccae6090250bf383aaf8c52389',4,3,'Personal Access Token','[]',0,'2020-12-05 14:57:31','2020-12-05 14:57:31','2021-12-05 21:57:31'),('54211d620ecc03319e88bdc0333347053f3a86c4c8299436569954e5aec0cd0d699550243e7841df',4,3,'Personal Access Token','[]',0,'2020-12-05 14:57:32','2020-12-05 14:57:32','2021-12-05 21:57:32'),('54faa15af8eb514b95ec69ffb2c3cd3d47ded1deaf4fe3fd13159f434193d3a27a2a5d614035ea81',4,3,'Personal Access Token','[]',0,'2020-12-06 19:33:53','2020-12-06 19:33:53','2021-12-07 02:33:53'),('5637b8670c9bee681aaa1e8ff0130243476179a7108950d7890d4de892c5f627edd7193a88c5d4db',4,3,'Personal Access Token','[]',0,'2020-12-06 06:33:23','2020-12-06 06:33:23','2021-12-06 13:33:23'),('59252f929ba290accd606fcc3d9e5c47af99b3ad002747cb9c8b52e0dd5ef0a32839769fef380342',4,3,'Personal Access Token','[]',0,'2020-12-05 14:57:31','2020-12-05 14:57:31','2021-12-05 21:57:31'),('59418b8e6c986d9725fb8f93537825ecbb0270bf2a98943322188b7dbd7f66291bb77daaeed5f631',4,3,'Personal Access Token','[]',0,'2020-11-20 23:18:25','2020-11-20 23:18:25','2021-11-21 06:18:25'),('59fdd96f9bc1233c8a435a6b9da6d32a5357d66afd4660daaef1d571f2f05f4be664b2f3b867f66f',4,3,'Personal Access Token','[]',0,'2020-11-20 23:01:06','2020-11-20 23:01:06','2021-11-21 06:01:06'),('5b64bc312f18c5fbbbc7582012e4e26e5d7bdd51c95884bad445387c23fb5d973042d96e127f7f5d',4,3,'Personal Access Token','[]',0,'2020-11-23 05:25:08','2020-11-23 05:25:08','2021-11-23 12:25:08'),('5b66d0bc9f45a587b00ef1847ac7431114f9ebbdc07d21cb64fe16ec70a4e920a1ffac560dda2b0b',4,3,'Personal Access Token','[]',0,'2020-11-21 04:41:53','2020-11-21 04:41:53','2021-11-21 11:41:53'),('5c3d7c37b04b01b20ab1876ffc5d3e801ceee6379ca7f4e5ea0f3ac1c7cf962c1247d57046ee2505',4,3,'Personal Access Token','[]',0,'2020-11-23 04:34:54','2020-11-23 04:34:54','2021-11-23 11:34:54'),('5cd79d6bf412c253478bd43a65d1135f22e0762846e74c26dfd86adb6abd76eaa785f17fec21296d',4,3,'Personal Access Token','[]',0,'2020-12-03 20:04:49','2020-12-03 20:04:49','2021-12-04 03:04:49'),('5d22ab042d15ed7695dbf2f5d9e4bf94f3cb53b0b203484e38c8ab4342d5940417c08113b5874569',4,3,'Personal Access Token','[]',0,'2020-11-29 21:39:21','2020-11-29 21:39:21','2021-11-30 04:39:21'),('5de1511cde1d62a97a077f423bbcddb182050c1d679a50424f2d61aa2a97ff3088373707943b56c6',4,3,'Personal Access Token','[]',0,'2020-12-02 02:25:20','2020-12-02 02:25:20','2021-12-02 09:25:20'),('5e6defe2699048107e8854771b461d9bf8d6227c6b2f1de9863801810d90981aca883d90e4ed8697',4,3,'Personal Access Token','[]',0,'2020-12-03 20:14:18','2020-12-03 20:14:18','2021-12-04 03:14:18'),('5e761bf2a6685c38f22306a0ee4aaeb840c01f9b8b776d97d070efc4815611890f8dde5f299c0a5b',4,3,'Personal Access Token','[]',0,'2020-12-01 02:47:55','2020-12-01 02:47:55','2021-12-01 09:47:55'),('607a514e7afe83fbc7387409cd770f1affec388b81a685f0aa70e9c6969fd18c1e43efd51246808e',4,3,'Personal Access Token','[]',0,'2020-12-03 05:24:55','2020-12-03 05:24:55','2021-12-03 12:24:55'),('628827b9d303ac9164d8b52817d7a5097c34430cddb9a4f4e0193fd9f7c59312c54a3ac70f183688',4,3,'Personal Access Token','[]',0,'2020-12-06 19:33:53','2020-12-06 19:33:53','2021-12-07 02:33:53'),('6649960eb6862c2842b46667b014aa4d5fce664fa6734fa54f3e365ee778b879fc9885a0fb7dc8b1',4,3,'Personal Access Token','[]',0,'2020-12-06 19:33:54','2020-12-06 19:33:54','2021-12-07 02:33:54'),('69ceee5bc2341da063bf0cdad250d1add387000debab6cf2afdee382232dd51dc8ea7f731ed9cf7f',4,3,'Personal Access Token','[]',0,'2020-11-21 01:03:15','2020-11-21 01:03:15','2021-11-21 08:03:15'),('6a38d0dae558c0132899667f862c6a3423d15a179df31d96213e8fd92e6bdb126cbe47e6e00a8884',4,3,'Personal Access Token','[]',0,'2020-12-03 02:11:24','2020-12-03 02:11:24','2021-12-03 09:11:24'),('6ad1c4c08a40525a9d0a3cc13bd6bfa460385e7ef2ba76920d5cc33b0c61ad50c19cdd615202423b',4,3,'Personal Access Token','[]',0,'2020-12-02 03:18:06','2020-12-02 03:18:06','2021-12-02 10:18:06'),('6b0352ad1064a2b274443219d5fe53a3eb99648d738dc586db3a7e2bd014de9be56d3a2b6129f49f',4,3,'Personal Access Token','[]',0,'2020-12-02 02:25:21','2020-12-02 02:25:21','2021-12-02 09:25:21'),('6b210b9423d2b35ebe4e5eb12cd7d5e7a47b12f1b12fd6123a5c2fba55acb5c8480f1a5714cedae0',4,3,'Personal Access Token','[]',0,'2020-12-04 02:30:20','2020-12-04 02:30:20','2021-12-04 09:30:20'),('6b4c9c11731a04341b250a6ec1fb8f9e305d7c1d4d5b5cffab9ffc9ee5dcfbd5546f0c43d080253d',4,3,'Personal Access Token','[]',0,'2020-11-21 19:53:57','2020-11-21 19:53:57','2021-11-22 02:53:57'),('6c8acfa4686b9e7c43203b6faa1bb91ec38ae669a527ac6490171410498c89597e6a209573bc18d9',4,3,'Personal Access Token','[]',0,'2020-11-23 05:14:14','2020-11-23 05:14:14','2021-11-23 12:14:14'),('707bdd72510b761192f7cca01f4e4852e2122b55027009c0f6d90195b891e8ef0bb20a495ed83e4f',4,3,'Personal Access Token','[]',0,'2020-11-23 05:23:50','2020-11-23 05:23:50','2021-11-23 12:23:50'),('718d3ba167a57ef814652691b73cf2490dae94242813bc99d150b8c6bb2f9712e10a9434a79cacaa',4,3,'Personal Access Token','[]',0,'2020-11-29 21:01:39','2020-11-29 21:01:39','2021-11-30 04:01:39'),('71af6023773b8caa920f67c99c43074b7c9ab265b34f30f8ec6ff84666228d2e57bf5f25309647ef',4,3,'Personal Access Token','[]',0,'2020-11-21 00:46:44','2020-11-21 00:46:44','2021-11-21 07:46:44'),('72818a9c94d4d1f2c1dfdf6dd55cb5247fd677c5b72140c7adae169fe77d24656e216129c094e153',4,3,'Personal Access Token','[]',0,'2020-12-02 03:18:06','2020-12-02 03:18:06','2021-12-02 10:18:06'),('74919042b2e5051b3180fdc8b422da49b5b6832fe79cba71d96321fafe73efeeb3affd8dbe1dea83',4,3,'Personal Access Token','[]',0,'2020-12-03 01:59:00','2020-12-03 01:59:00','2021-12-03 08:59:00'),('74ea5d92937cdf9d288865a812e4a55813c399f9d8ed13ffc9ef046745b90be1f4e196b91039609c',4,3,'Personal Access Token','[]',0,'2020-11-29 21:50:56','2020-11-29 21:50:56','2021-11-30 04:50:56'),('799bc0603d08b39b5c47e8465281ada3027f6a999a930a1946f339e26ce576a303a88da32ee74f8a',4,3,'Personal Access Token','[]',0,'2020-11-20 23:11:01','2020-11-20 23:11:01','2021-11-21 06:11:01'),('7a272df26e45ce65595fb3a437f625b993fdad0f00196cbfb4968ab6f01718b5f41e11fe342ee826',4,3,'Personal Access Token','[]',0,'2020-12-03 13:35:46','2020-12-03 13:35:46','2021-12-03 20:35:46'),('7b850c1b8ad25c435128e2f2d80d7566f2e5b733d8d712f3730761627ec3356290d08f72a4306a34',4,3,'Personal Access Token','[]',0,'2020-11-29 21:52:03','2020-11-29 21:52:03','2021-11-30 04:52:03'),('7fbfc0eb16d3b2c6c4ebc539649edef5807f0f219017db4ae2a85eb0c31e8ac10598bd1c30388569',4,3,'Personal Access Token','[]',0,'2020-11-23 05:24:21','2020-11-23 05:24:21','2021-11-23 12:24:21'),('7fff14aa94679b078b9198fa4bb297efd9724ed81e06da9ac60f0ac25a30879d1035d9e540fecefe',4,3,'Personal Access Token','[]',0,'2020-12-11 07:00:02','2020-12-11 07:00:02','2021-12-11 14:00:02'),('803006aca150a11420253714513145f269add297272ef3391334567963cbe5627e2ac6096d0ea04e',4,3,'Personal Access Token','[]',0,'2020-12-04 02:21:42','2020-12-04 02:21:42','2021-12-04 09:21:42'),('81f9814fc4fd718bc87b02c9028552e0667b708e5eab86ab9ad1008bf2497ded78c42ab1705c8bb6',4,3,'Personal Access Token','[]',0,'2020-11-21 02:34:50','2020-11-21 02:34:50','2021-11-21 09:34:50'),('83d90fd10478d78c3f491c3bb55a72620d9ad90e8780d49300ac4fcde946a284e1e95ba348a4cedd',4,3,'Personal Access Token','[]',0,'2020-12-03 03:47:24','2020-12-03 03:47:24','2021-12-03 10:47:24'),('840092d9b1b88f14e0d3d276df06f693789c80b0706332b8f85b124b9c539929f470ece14122bf02',4,3,'Personal Access Token','[]',0,'2020-12-04 04:02:25','2020-12-04 04:02:25','2021-12-04 11:02:25'),('857bdf1362f079e8624664de1c950b611d2539e9c2d151b63db16d8b24c6a2aac58027329e0e4431',4,3,'Personal Access Token','[]',0,'2020-11-23 04:55:12','2020-11-23 04:55:12','2021-11-23 11:55:12'),('86b9b9b577a15767526ba04723ffa0df1e1e1d05c1d2808854887476c585dd49571bc8e0129bf0ee',4,3,'Personal Access Token','[]',0,'2020-11-20 23:27:05','2020-11-20 23:27:05','2021-11-21 06:27:05'),('86eb7a2fadd524b15fa62e4eb405cfeb9c678c826567ebcc2d1cc29a67657728592caa44496d5c48',4,3,'Personal Access Token','[]',0,'2020-12-13 03:01:54','2020-12-13 03:01:54','2021-12-13 10:01:54'),('8702f0437ad17bfb89eb6d5d38268f8952ca39085a6ed63279a3f327b3c5806cf409eb14b1a00c23',4,3,'Personal Access Token','[]',0,'2020-12-02 02:25:21','2020-12-02 02:25:21','2021-12-02 09:25:21'),('88168f2060870d41fb9fb9736d453e3c9abc61158ce837f4907f943c69b4b1c725e7a4f9779b5fb1',4,3,'Personal Access Token','[]',0,'2020-11-23 04:36:18','2020-11-23 04:36:18','2021-11-23 11:36:18'),('88dcca40324d7ce64f67fe8b0f3f1da879ff20faa8a90f950c0fa1e430caaa92b7acba23136216df',4,3,'Personal Access Token','[]',0,'2020-11-20 13:50:23','2020-11-20 13:50:23','2021-11-20 20:50:23'),('88e4c22bf845d5b506061994ef099b8849701a75bc74d46a732d533c6972c0e8093c7af911df0112',4,3,'Personal Access Token','[]',0,'2020-11-20 23:39:03','2020-11-20 23:39:03','2021-11-21 06:39:03'),('88f72a25d92a5d9bd53d857918a46b2002b2869839491f34f7d5560be6401f67d36e1f47be234195',4,3,'Personal Access Token','[]',0,'2020-12-03 13:34:59','2020-12-03 13:34:59','2021-12-03 20:34:59'),('8a2019537c70f988062b159f0c68b3f7da48174a3d18adcb21ecfdb95a1e83b185628eb9e86e683e',4,3,'Personal Access Token','[]',0,'2020-12-10 21:47:41','2020-12-10 21:47:41','2021-12-11 04:47:41'),('8d747cb1bada40eff2cd3330a37389116c774fa0ddd645d555568dbcf5b4d7bb3dc447340165d8d6',4,3,'Personal Access Token','[]',0,'2020-12-05 07:00:48','2020-12-05 07:00:48','2021-12-05 14:00:48'),('8d7a76bf3689fe81accf65aaf4245e9227191795f999fc7e3baaf26a774feda8735417d280e4d9a7',4,3,'Personal Access Token','[]',0,'2020-11-29 22:45:24','2020-11-29 22:45:24','2021-11-30 05:45:24'),('8e439029e5f973ccb1340f5e19690b6324110e19653604e683138a0f0171e105a62a4c8fd4209e9a',4,3,'Personal Access Token','[]',0,'2020-12-05 05:58:42','2020-12-05 05:58:42','2021-12-05 12:58:42'),('8f4b72c338f00fe37f5d193222468bf7127f878cc36a68a85db13722d7e4975d8881d208855a4ada',4,3,'Personal Access Token','[]',0,'2020-12-11 06:45:15','2020-12-11 06:45:15','2021-12-11 13:45:15'),('912239c204502bcb9060b831266c3bdce05cd568cca84ff6ad434ea3ec9f90b27ff5e6df05fee3e2',4,3,'Personal Access Token','[]',0,'2020-11-29 21:04:10','2020-11-29 21:04:10','2021-11-30 04:04:10'),('918f62d0373136f1b287c183af086ebe3dad001025d9d4b80d1ae900a84c4e58e39cdbe1f43e1178',4,3,'Personal Access Token','[]',0,'2020-12-05 14:57:32','2020-12-05 14:57:32','2021-12-05 21:57:32'),('918fda91f42ba5a0e5f5bad791db90f505caba0c8f4dc2af9e507939a0bc387eeba413933c721b47',4,3,'Personal Access Token','[]',0,'2020-11-23 05:26:16','2020-11-23 05:26:16','2021-11-23 12:26:16'),('96a1a0601d40c05cedfae088e8c7dea15859ec996343564fc3fcc66b4e533ba613635acd5308d9ae',4,3,'Personal Access Token','[]',0,'2020-11-20 23:04:30','2020-11-20 23:04:30','2021-11-21 06:04:30'),('96d3d8aabcb0677bc35c7c6af2d6a480b2c4a2a50e396a488a058ed9eb1c31902697570dde818bf8',4,3,'Personal Access Token','[]',0,'2020-12-02 02:25:20','2020-12-02 02:25:20','2021-12-02 09:25:20'),('96f91cd878eeb76593889bb3acf6d31ce08dd924018eae0a8139b645a9d86febb503cfcb25d04768',4,3,'Personal Access Token','[]',0,'2020-11-20 23:26:28','2020-11-20 23:26:28','2021-11-21 06:26:28'),('96faf30920334356d357d6c3eb0a816bc6017b29843ec2a5bcff1938f69198a331ad9af1328f58f5',4,3,'Personal Access Token','[]',0,'2020-11-23 05:10:53','2020-11-23 05:10:53','2021-11-23 12:10:53'),('975101085bac0acdad81531a77b04d9c6fac11916e38fb39a5312af3189415c2c4a6ebcbd4415aa2',4,3,'Personal Access Token','[]',0,'2020-12-02 02:25:21','2020-12-02 02:25:21','2021-12-02 09:25:21'),('9783a566eeecb89d44cad94ee761c19044e0bf0e26d2389745d253995ec7625222f64ab55c92ed7a',4,3,'Personal Access Token','[]',0,'2020-11-20 23:13:33','2020-11-20 23:13:33','2021-11-21 06:13:33'),('9b9424bbe0d6ba01c3a5ab027f5cda0ff0bfcf13912bad6a751051c36e2b79f37e235e861767e831',4,3,'Personal Access Token','[]',0,'2020-12-01 08:24:50','2020-12-01 08:24:50','2021-12-01 15:24:50'),('9c21680715d239dfa68b97d76d2b20c6005f588dc0237ed96ed55b5c041e81c17412d42a4750492d',4,3,'Personal Access Token','[]',0,'2020-11-23 04:34:52','2020-11-23 04:34:52','2021-11-23 11:34:52'),('9cd869ae13769470f8954dccb52a0f1ac2dfdc8cafa593bb7b4f2b9cc6e984e6021b27124a88994f',4,3,'Personal Access Token','[]',0,'2020-12-03 01:59:01','2020-12-03 01:59:01','2021-12-03 08:59:01'),('9e0eec033248472f13f4ab9b8121837edba3a2600afa2093f687204f9b0bdfff5ac9df0aca5c00e8',4,3,'Personal Access Token','[]',0,'2020-12-04 03:03:41','2020-12-04 03:03:41','2021-12-04 10:03:41'),('a489cddac1a5d768385ed16235fa5479ba34372bf5a7bc93c55c10b1695c5616327f3c7bccdc0eac',4,3,'Personal Access Token','[]',0,'2020-11-29 22:25:41','2020-11-29 22:25:41','2021-11-30 05:25:41'),('a4d795434fe35f086ed99a72db169e58fb5107e57635e73dcd0dc40c01033ffe573b020c8cb5d75d',4,3,'Personal Access Token','[]',0,'2020-12-02 02:25:23','2020-12-02 02:25:23','2021-12-02 09:25:23'),('a9d6f504897ca6810c58b9c4f0c9c256283f9ad6c1049c23589deeae1ed73c0a99ea6e9a7d92342b',4,3,'Personal Access Token','[]',0,'2020-12-02 03:53:05','2020-12-02 03:53:05','2021-12-02 10:53:05'),('aa87755fd7925d868b0c7f69d4bd6177963b95fd10dea9d7442ecb6953b438a51ec2cb492dfb6aff',4,3,'Personal Access Token','[]',0,'2020-12-03 13:36:47','2020-12-03 13:36:47','2021-12-03 20:36:47'),('ad4aa13456d5f7ddee5fbc50c2b74847a9b1fdc3f5404d38e7b37cb54a2ed0477888cc68a3de0a49',4,3,'Personal Access Token','[]',0,'2020-12-03 13:36:15','2020-12-03 13:36:15','2021-12-03 20:36:15'),('ae880353b99e52cb3f3852d0b055b6d78d6094c86f8c3c5e6fe6d5b642326fdb7e70bd853e66c1c6',4,3,'Personal Access Token','[]',0,'2020-12-02 02:25:22','2020-12-02 02:25:22','2021-12-02 09:25:22'),('aebf9ec40873f50644cde22e13cc8ee3494aafd7f84cd4bfd98a745d7a4f8a5a07b9b2b3397a3480',4,3,'Personal Access Token','[]',0,'2020-11-23 16:32:48','2020-11-23 16:32:48','2021-11-23 23:32:48'),('b21b0ea60b181862faf8b649adb6a7fc82e9e4ee31a0d2b649effa1666f453c3a3d9c7a575242feb',4,3,'Personal Access Token','[]',0,'2020-12-08 06:31:05','2020-12-08 06:31:05','2021-12-08 13:31:05'),('b362198589e8d786722a2e4372e20def803ef40227e2abce27741b269665c6d5a8da3a8f68fdf724',4,3,'Personal Access Token','[]',0,'2020-12-05 05:51:50','2020-12-05 05:51:50','2021-12-05 12:51:50'),('b4248e75398a63ef8e02805b5158088fe338d68ae46f6100354a573f460c0ada7bc1761137e1f512',4,3,'Personal Access Token','[]',0,'2020-12-05 14:57:32','2020-12-05 14:57:32','2021-12-05 21:57:32'),('b5863d05287405026bcccebbccb4f1131822f348902ff4afa022093ec4db3edb016a6532b30e3d5d',4,3,'Personal Access Token','[]',0,'2020-12-05 07:14:30','2020-12-05 07:14:30','2021-12-05 14:14:30'),('b6d0ee419622670afd4557e2aa7d46a99b077d36cb511476f216ebd1b2e804d167f2ebd10cf40e6a',4,3,'Personal Access Token','[]',0,'2020-11-29 22:25:40','2020-11-29 22:25:40','2021-11-30 05:25:40'),('b8cb7347cf9176e00f5bd19ed90da29047d66cb89ba701acd69229f800f4fca8b998ec2d3e71dcbe',4,3,'Personal Access Token','[]',0,'2020-12-02 03:10:01','2020-12-02 03:10:01','2021-12-02 10:10:01'),('ba3244e82c84d05e944806df3dcd5eb12eee332acadcf10b2888e02d19a599bd1f6fc8ea3a842964',4,3,'Personal Access Token','[]',0,'2020-11-21 07:43:57','2020-11-21 07:43:57','2021-11-21 14:43:57'),('bd0e9dcc731790efcbe9fad4d671cd8b6994140d9cb8de4f1a426841a55ac01f19f1c073876ae849',4,3,'Personal Access Token','[]',0,'2020-12-05 06:18:23','2020-12-05 06:18:23','2021-12-05 13:18:23'),('be6c892c9a52b8e1826cecb9638a29ead6743911fb0301b837ac5e22701af150bb96a2ba17133e47',4,3,'Personal Access Token','[]',0,'2020-12-11 05:07:24','2020-12-11 05:07:24','2021-12-11 12:07:24'),('bf808ba7d5953308fe5ccfdcff853540513f24a6cf3302081054d8c02d057385952f943b25ea575e',4,3,'Personal Access Token','[]',0,'2020-12-06 19:33:52','2020-12-06 19:33:52','2021-12-07 02:33:52'),('bfa3b8cf3f54ab51640226905f785c215eaed863cccd6a3bca9476795d9351f1feac20ff7a80ba7a',4,3,'Personal Access Token','[]',0,'2020-12-03 18:29:10','2020-12-03 18:29:10','2021-12-04 01:29:10'),('c014d55bf87f34a4c6a4e4f791d1c59e613230a96a62ffc1b5e86d5f1adc5e05b87d55fc5c152213',4,3,'Personal Access Token','[]',0,'2020-11-23 05:07:54','2020-11-23 05:07:54','2021-11-23 12:07:54'),('c04c103e9e48a16fa16636836560dc0c3bb14ebba7f1ab736a950e67fedac428dbc199f8d6ecd915',4,3,'Personal Access Token','[]',0,'2020-12-02 02:25:20','2020-12-02 02:25:20','2021-12-02 09:25:20'),('c2d07078194ff8907d7af78dc110c891a1c28678dec5b6f41f42612cb896b6d1fe4042e6afd45402',4,3,'Personal Access Token','[]',0,'2020-12-04 02:22:09','2020-12-04 02:22:09','2021-12-04 09:22:09'),('c36689c7937aa6b645dc8b5543dd1a7fda281f69628c5764801f457f7251ecd21ae28e99def8dd63',4,3,'Personal Access Token','[]',0,'2020-12-03 18:13:44','2020-12-03 18:13:44','2021-12-04 01:13:44'),('c3fc0b6228f66c513c6887a825ddf355dad90eb7cb80937be85781ba5a0ce24e8730a6cdcced373a',4,3,'Personal Access Token','[]',0,'2020-11-29 22:20:36','2020-11-29 22:20:36','2021-11-30 05:20:36'),('c5d881ac71e996994981c81e991ce2c8ba10be239f312ef8e82b589e2bb417028a9d0fd421c8a921',4,3,'Personal Access Token','[]',0,'2020-12-02 03:53:16','2020-12-02 03:53:16','2021-12-02 10:53:16'),('c65b808809183d788b2ebf03b266407f5733d7665670f3abc913c1306a1481dd4b95a2b5fc4b0473',4,3,'Personal Access Token','[]',0,'2020-11-23 04:34:53','2020-11-23 04:34:53','2021-11-23 11:34:53'),('c70ee1847b3f656a4aba9a0b2a5ea48b6c04fd461b8ecc8c2ee47285d27d5dde6fb144a82af85774',4,3,'Personal Access Token','[]',0,'2020-11-23 16:29:18','2020-11-23 16:29:18','2021-11-23 23:29:18'),('c7d567da473255da5a67ab8bac4667f5b84c7de1462bb16818e521142d3cdeae6a5c72730881015b',4,3,'Personal Access Token','[]',0,'2020-12-06 06:33:02','2020-12-06 06:33:02','2021-12-06 13:33:02'),('c9fafc2c64ef205c9c02ff96677a34251e3445367355faad97aa64c452b87332cd0e61343432d06d',4,3,'Personal Access Token','[]',0,'2020-12-03 04:43:47','2020-12-03 04:43:47','2021-12-03 11:43:47'),('cb9f2e16b439ae967a46f295b7e79b7f4284e24a706ef5945bbfc007ee5b061eb8d12bfbbdaa601b',4,3,'Personal Access Token','[]',0,'2020-11-23 16:28:53','2020-11-23 16:28:53','2021-11-23 23:28:53'),('cd03c55b9050dea9ac61f3ba0ce94a7fb9c81867d8d128cdcf3336c6b132199fb9e0accb489f5cfe',4,3,'Personal Access Token','[]',0,'2020-12-05 06:39:07','2020-12-05 06:39:07','2021-12-05 13:39:07'),('ce5e79978c4f71c5e0f325f63bffda716a39ef9e975237567c810287cfe628f9f7a5e4a7df8ef06c',4,3,'Personal Access Token','[]',0,'2020-12-11 05:11:33','2020-12-11 05:11:33','2021-12-11 12:11:33'),('cf17a28d8582b7f9b5184b50fcbe16456c8412c38d595fa6329fe504b21f95d9470de92dc3cb1913',4,3,'Personal Access Token','[]',0,'2020-12-02 02:25:21','2020-12-02 02:25:21','2021-12-02 09:25:21'),('cf5115993a3ebf37fafc367a56c46c0cb3950bff86f043c93065e59a17fb6bad9a89e9a412aa0dde',4,3,'Personal Access Token','[]',0,'2020-11-23 05:02:07','2020-11-23 05:02:07','2021-11-23 12:02:07'),('cfd16c848e67532c080557ecfa7477dc8318a46a9f9ccf038125f938678c78b1c19d485ba50aad66',4,3,'Personal Access Token','[]',0,'2020-11-21 03:19:06','2020-11-21 03:19:06','2021-11-21 10:19:06'),('d24d8e0e814229e9c063651c337015a71dcd1b3235999bbdb5126b2d267ed4d54f56c7e6a2a44fd6',4,3,'Personal Access Token','[]',0,'2020-11-29 21:36:58','2020-11-29 21:36:58','2021-11-30 04:36:58'),('d31969cd7fbdeed1db62200d1b91b0dcf36a01341a05a5cc815b60f1659c7353a2e0b857f610e93b',4,3,'Personal Access Token','[]',0,'2020-12-02 03:11:38','2020-12-02 03:11:38','2021-12-02 10:11:38'),('d6858f06320c9f24f0420f1c433ae4862ae39fa316f9bad27a18a1c91d5cd45a632d9a0b2bd7dda7',4,3,'Personal Access Token','[]',0,'2020-11-29 21:43:35','2020-11-29 21:43:35','2021-11-30 04:43:35'),('da11ffa64815ffbc5ae6e77f64d2f329435f1dac5f067b2a0912c6cb184bbc957390c006eb6ccb65',4,3,'Personal Access Token','[]',0,'2020-11-21 03:18:43','2020-11-21 03:18:43','2021-11-21 10:18:43'),('dc52e447176cf6065a5cdc2a57a79405877fbc87f4a3729fd07164061fac5b268cda2f450f9f9737',4,3,'Personal Access Token','[]',0,'2020-12-12 11:35:39','2020-12-12 11:35:39','2021-12-12 18:35:39'),('dc5f26479a1ce8eb9941e7e242a91bc18a6637fe7ab3b0ec367f6efb6b7448e6099c5dfa644f753b',4,3,'Personal Access Token','[]',0,'2020-12-03 18:28:01','2020-12-03 18:28:01','2021-12-04 01:28:01'),('ddddcbed4504bb99c6e4e0508875be840f01f830646719b9d5281badbcca6a45e013b914447ed846',4,3,'Personal Access Token','[]',0,'2020-11-23 05:22:39','2020-11-23 05:22:39','2021-11-23 12:22:39'),('de501f1fb6230a6cffc15ebd757616bf232a0138642a415042d7701cf0b891950685313959bfe34a',4,3,'Personal Access Token','[]',0,'2020-12-03 20:05:45','2020-12-03 20:05:45','2021-12-04 03:05:45'),('ded59d508cd970f1b52de7ebf92fe1f78539f56659f90ecd79e3110f8db06ae1d135499af2b1071b',4,3,'Personal Access Token','[]',0,'2020-12-02 02:28:30','2020-12-02 02:28:30','2021-12-02 09:28:30'),('df6a74c91ef492099bb654eb09f0b7ffc7c253a690c6aa429a60021bd9ba3ffc6945bbba7d783f16',4,3,'Personal Access Token','[]',0,'2020-10-14 07:46:46','2020-10-14 07:46:46','2021-10-14 14:46:46'),('e079fd3a874555b38243a04df0be7a4838b48244f8c689588d277c70a44056de426d19bf4177e50b',4,3,'Personal Access Token','[]',0,'2020-11-21 19:53:56','2020-11-21 19:53:56','2021-11-22 02:53:56'),('e18c55764e45885614391cfe41d9223ac32b0367b2443d194d2db573851276820429adacdaea4b9b',4,3,'Personal Access Token','[]',0,'2020-12-05 14:57:31','2020-12-05 14:57:31','2021-12-05 21:57:31'),('e1d98539a13cd2a74955808e086e71cfba587fd238a1b35cbd3887d62ecc69c27b6efc311ddf9e63',4,3,'Personal Access Token','[]',0,'2020-11-29 21:42:38','2020-11-29 21:42:38','2021-11-30 04:42:38'),('e30d50acbcd4e8dd38c72b6739f76aac2cd257be3ca68dc2fbba3de7d3b475e3b0d8d295dfb001ae',4,3,'Personal Access Token','[]',0,'2020-12-02 02:25:22','2020-12-02 02:25:22','2021-12-02 09:25:22'),('e31e4bf9d10512aafd77ca65b8e0d009db20269bc61fab65c1a28304b70f0c24b69f753c48fc6fee',4,3,'Personal Access Token','[]',0,'2020-12-05 05:54:24','2020-12-05 05:54:24','2021-12-05 12:54:24'),('e3982953d7621be36fc339c248f9bd22164337d889c72159452ea685896828ec5c3e190234f37bc7',4,3,'Personal Access Token','[]',0,'2020-11-20 23:37:37','2020-11-20 23:37:37','2021-11-21 06:37:37'),('e5139f1632aee37b52b87015b770d5d417a146e1f4afc107b1ddab6550c50150911fc5429d511a17',4,3,'Personal Access Token','[]',0,'2020-12-06 19:33:55','2020-12-06 19:33:55','2021-12-07 02:33:55'),('e58d5ed3ac2d5e4f7cf668ab05a78276ecc2d408dc325a53f664b87b7961b18221985c865e14883b',4,3,'Personal Access Token','[]',0,'2020-11-20 22:59:25','2020-11-20 22:59:25','2021-11-21 05:59:25'),('e7256c3f3b4700ad6837c932b786a88af8e42f5c53c77cb41b8bcf54b15e5fe6c69afaf18aced7a7',4,3,'Personal Access Token','[]',0,'2020-11-20 23:34:36','2020-11-20 23:34:36','2021-11-21 06:34:36'),('e85d273246e11add0cf878581e44fe875c828ae551acef1b68ab86fda6efef9798ed6980b8d9e35e',4,3,'Personal Access Token','[]',0,'2020-11-23 16:35:35','2020-11-23 16:35:35','2021-11-23 23:35:35'),('e92cf3db5c6f45f33545c0750fce68c67a221fecbcf85525c93f8c377b0c747bb9f22883606a8422',4,3,'Personal Access Token','[]',0,'2020-11-29 21:33:50','2020-11-29 21:33:50','2021-11-30 04:33:50'),('eae1c14dc170f2eaaff9c964627e9eead7d01bc7dbaf0a64ea7ea277fa2ee77d7d8fab35debccccd',4,3,'Personal Access Token','[]',1,'2020-12-02 03:48:36','2020-12-02 03:48:36','2021-12-02 10:48:36'),('eaf2709e599194c6504bf590197627d30134d90e840043f64bad850c4642b2df2120fddb9cbbf9d7',4,3,'Personal Access Token','[]',0,'2020-11-21 02:32:46','2020-11-21 02:32:46','2021-11-21 09:32:46'),('eaf7a10a00d6053d9971e54ae4df976361a46e22db2e7bec9ae3ffe4af3b48b72eacd1461d6d5806',4,3,'Personal Access Token','[]',0,'2020-12-02 02:25:22','2020-12-02 02:25:22','2021-12-02 09:25:22'),('eb7e609a4c7f17a0240258675884135170dff2562b61416fa1d19d56a2bad0f96d6e1021851d6092',4,3,'Personal Access Token','[]',0,'2020-12-06 19:33:53','2020-12-06 19:33:53','2021-12-07 02:33:53'),('ec6485bc18214b833bf067ff944ee71dd52051af0e9901751781295550a0277e4811a8b2a61f789a',4,3,'Personal Access Token','[]',0,'2020-11-20 22:58:14','2020-11-20 22:58:14','2021-11-21 05:58:14'),('edd893575f45906be883921ca573575c97dfb8edeb07549ce083245a9cdc69958ed325a5a81690ef',4,3,'Personal Access Token','[]',0,'2020-12-15 02:47:22','2020-12-15 02:47:22','2021-12-15 09:47:22'),('ede1b5e53e12904aa8d8517e86474f1a6c8269d99ad2885bd3b00b0452742e85f47c4a0d3d3d0567',4,3,'Personal Access Token','[]',0,'2020-11-20 23:12:59','2020-11-20 23:12:59','2021-11-21 06:12:59'),('edf5c0b071544a5935f95be6978f26fe96d202c371af4b53d208986f0cac7345ef475bd6e5c630f8',4,3,'Personal Access Token','[]',0,'2020-11-21 04:16:41','2020-11-21 04:16:41','2021-11-21 11:16:41'),('eeae2abff5bb17c0d1e44db3023ffdf29b02a4ab9956d08037f34ad502be01f42ae2390a3fcc887a',4,3,'Personal Access Token','[]',0,'2020-11-23 04:35:03','2020-11-23 04:35:03','2021-11-23 11:35:03'),('f08f20dfac96c5e80a9cc1350b40a6f212c681b66b5d098fdff82804ce7635ee633a697cb9398311',4,3,'Personal Access Token','[]',0,'2020-12-06 04:23:34','2020-12-06 04:23:34','2021-12-06 11:23:34'),('f481b2b022bd6ea7aa106e2115ab3d3f9cff5b14425b97c547ac5d4329f489d7d0c32b989f2ccd8b',4,3,'Personal Access Token','[]',0,'2020-12-05 06:34:56','2020-12-05 06:34:56','2021-12-05 13:34:56'),('f560e413e3214a0330472255e37a006a8b4602d89ba2c27da91edd61b546b94e00130043506881a5',4,3,'Personal Access Token','[]',0,'2020-11-20 23:22:33','2020-11-20 23:22:33','2021-11-21 06:22:33'),('f630fea0cf7c71f7e1f701f0639b5e04b3a05f106bee24c2a7c6ae8acae240e95ca14d6c89c33c5e',4,3,'Personal Access Token','[]',0,'2020-11-21 02:31:25','2020-11-21 02:31:25','2021-11-21 09:31:25'),('f69d2103d62b3edfb7edff116e5c9f6403dec3c398846e4707224903cc130f49d5cf2ca7c7124692',4,3,'Personal Access Token','[]',0,'2020-12-05 06:25:54','2020-12-05 06:25:54','2021-12-05 13:25:54'),('f6cee7ec985617dbe52b0f16cf38b11133ada42d4f57a5c15d9a2ac2257bb0176b8f33fc13e23a97',4,3,'Personal Access Token','[]',0,'2020-12-02 03:22:23','2020-12-02 03:22:23','2021-12-02 10:22:23'),('fa10244a237f8a4eebc913c2b9f420c91d3ede4affa874c54b42ba3b8a6beaa522ce6f186b1e39f5',4,3,'Personal Access Token','[]',0,'2020-11-29 22:27:47','2020-11-29 22:27:47','2021-11-30 05:27:47'),('fa1499ae719306e18097d513d58df1697436e30ea85dd1a058f81877b95cc01b4c297128d2b6e59f',4,3,'Personal Access Token','[]',0,'2020-12-10 21:44:59','2020-12-10 21:44:59','2021-12-11 04:44:59'),('fa4a1ab84d8e8e037e68894248ef67631b64a3687b10d19d6162fa3619cc24e4c4d7ca259d831f16',4,3,'Personal Access Token','[]',0,'2020-11-23 05:09:31','2020-11-23 05:09:31','2021-11-23 12:09:31'),('fc25db7781d74cb4aeaf07dabfecd87976a35050b05a4ba67a4975c1c6a4cc19cd3e387827a9b9cb',4,3,'Personal Access Token','[]',0,'2020-11-25 00:32:18','2020-11-25 00:32:18','2021-11-25 07:32:18'),('fc6797e2ddbe244a08bb47d749f4942952f2de3c7fc2ed228dce8a4ef36b75372fc0c88dc988de75',4,3,'Personal Access Token','[]',0,'2020-11-21 02:11:55','2020-11-21 02:11:55','2021-11-21 09:11:55'),('fc91cb956f744aaf3709414f980fcf621bb1d0401f52a150d764509670bd2b12a141c474d6a89f2b',4,3,'Personal Access Token','[]',0,'2020-12-04 02:33:34','2020-12-04 02:33:34','2021-12-04 09:33:34'),('fdde84f8ba7ea9e5d0e468c2beb253e0763c64364b1498eb014222cc93fdcb4644f69270b20cb715',4,3,'Personal Access Token','[]',0,'2020-11-29 22:46:58','2020-11-29 22:46:58','2021-11-30 05:46:58');
/*!40000 ALTER TABLE `oauth_access_tokens` ENABLE KEYS */;
UNLOCK TABLES;

--
-- Table structure for table `oauth_auth_codes`
--

DROP TABLE IF EXISTS `oauth_auth_codes`;
/*!40101 SET @saved_cs_client     = @@character_set_client */;
/*!50503 SET character_set_client = utf8mb4 */;
CREATE TABLE `oauth_auth_codes` (
  `id` varchar(100) COLLATE utf8mb4_unicode_ci NOT NULL,
  `user_id` bigint unsigned NOT NULL,
  `client_id` bigint unsigned NOT NULL,
  `scopes` text COLLATE utf8mb4_unicode_ci,
  `revoked` tinyint(1) NOT NULL,
  `expires_at` datetime DEFAULT NULL,
  PRIMARY KEY (`id`),
  KEY `oauth_auth_codes_user_id_index` (`user_id`)
) ENGINE=InnoDB DEFAULT CHARSET=utf8mb4 COLLATE=utf8mb4_unicode_ci;
/*!40101 SET character_set_client = @saved_cs_client */;

--
-- Dumping data for table `oauth_auth_codes`
--

LOCK TABLES `oauth_auth_codes` WRITE;
/*!40000 ALTER TABLE `oauth_auth_codes` DISABLE KEYS */;
/*!40000 ALTER TABLE `oauth_auth_codes` ENABLE KEYS */;
UNLOCK TABLES;

--
-- Table structure for table `oauth_clients`
--

DROP TABLE IF EXISTS `oauth_clients`;
/*!40101 SET @saved_cs_client     = @@character_set_client */;
/*!50503 SET character_set_client = utf8mb4 */;
CREATE TABLE `oauth_clients` (
  `id` bigint unsigned NOT NULL AUTO_INCREMENT,
  `user_id` bigint unsigned DEFAULT NULL,
  `name` varchar(191) COLLATE utf8mb4_unicode_ci NOT NULL,
  `secret` varchar(100) COLLATE utf8mb4_unicode_ci DEFAULT NULL,
  `provider` varchar(191) COLLATE utf8mb4_unicode_ci DEFAULT NULL,
  `redirect` text COLLATE utf8mb4_unicode_ci NOT NULL,
  `personal_access_client` tinyint(1) NOT NULL,
  `password_client` tinyint(1) NOT NULL,
  `revoked` tinyint(1) NOT NULL,
  `created_at` timestamp NULL DEFAULT NULL,
  `updated_at` timestamp NULL DEFAULT NULL,
  PRIMARY KEY (`id`),
  KEY `oauth_clients_user_id_index` (`user_id`)
) ENGINE=InnoDB AUTO_INCREMENT=5 DEFAULT CHARSET=utf8mb4 COLLATE=utf8mb4_unicode_ci;
/*!40101 SET character_set_client = @saved_cs_client */;

--
-- Dumping data for table `oauth_clients`
--

LOCK TABLES `oauth_clients` WRITE;
/*!40000 ALTER TABLE `oauth_clients` DISABLE KEYS */;
INSERT INTO `oauth_clients` VALUES (1,NULL,'Laravel Personal Access Client','pilp6uSDD9sNDvI3TQESHUSL6InUslNBF2FQR5Ao',NULL,'http://localhost',1,0,0,'2020-10-14 07:46:27','2020-10-14 07:46:27'),(2,NULL,'Laravel Password Grant Client','MiXjP22PaHaYkHedLUipCVUogVkYx7ihH6DJO9NK','users','http://localhost',0,1,0,'2020-10-14 07:46:27','2020-10-14 07:46:27'),(3,NULL,'Laravel Personal Access Client','2nufXQZVvcTy7DhGv5tHXY1esIkwKjVh6Xgs6ybg',NULL,'http://localhost',1,0,0,'2020-10-14 07:46:41','2020-10-14 07:46:41'),(4,NULL,'Laravel Password Grant Client','hdpHpUJz2bBZShxHqWv8GCZxyFJniuoAFvRfKTzR','users','http://localhost',0,1,0,'2020-10-14 07:46:41','2020-10-14 07:46:41');
/*!40000 ALTER TABLE `oauth_clients` ENABLE KEYS */;
UNLOCK TABLES;

--
-- Table structure for table `oauth_personal_access_clients`
--

DROP TABLE IF EXISTS `oauth_personal_access_clients`;
/*!40101 SET @saved_cs_client     = @@character_set_client */;
/*!50503 SET character_set_client = utf8mb4 */;
CREATE TABLE `oauth_personal_access_clients` (
  `id` bigint unsigned NOT NULL AUTO_INCREMENT,
  `client_id` bigint unsigned NOT NULL,
  `created_at` timestamp NULL DEFAULT NULL,
  `updated_at` timestamp NULL DEFAULT NULL,
  PRIMARY KEY (`id`)
) ENGINE=InnoDB AUTO_INCREMENT=3 DEFAULT CHARSET=utf8mb4 COLLATE=utf8mb4_unicode_ci;
/*!40101 SET character_set_client = @saved_cs_client */;

--
-- Dumping data for table `oauth_personal_access_clients`
--

LOCK TABLES `oauth_personal_access_clients` WRITE;
/*!40000 ALTER TABLE `oauth_personal_access_clients` DISABLE KEYS */;
INSERT INTO `oauth_personal_access_clients` VALUES (1,1,'2020-10-14 07:46:27','2020-10-14 07:46:27'),(2,3,'2020-10-14 07:46:41','2020-10-14 07:46:41');
/*!40000 ALTER TABLE `oauth_personal_access_clients` ENABLE KEYS */;
UNLOCK TABLES;

--
-- Table structure for table `oauth_refresh_tokens`
--

DROP TABLE IF EXISTS `oauth_refresh_tokens`;
/*!40101 SET @saved_cs_client     = @@character_set_client */;
/*!50503 SET character_set_client = utf8mb4 */;
CREATE TABLE `oauth_refresh_tokens` (
  `id` varchar(100) COLLATE utf8mb4_unicode_ci NOT NULL,
  `access_token_id` varchar(100) COLLATE utf8mb4_unicode_ci NOT NULL,
  `revoked` tinyint(1) NOT NULL,
  `expires_at` datetime DEFAULT NULL,
  PRIMARY KEY (`id`),
  KEY `oauth_refresh_tokens_access_token_id_index` (`access_token_id`)
) ENGINE=InnoDB DEFAULT CHARSET=utf8mb4 COLLATE=utf8mb4_unicode_ci;
/*!40101 SET character_set_client = @saved_cs_client */;

--
-- Dumping data for table `oauth_refresh_tokens`
--

LOCK TABLES `oauth_refresh_tokens` WRITE;
/*!40000 ALTER TABLE `oauth_refresh_tokens` DISABLE KEYS */;
/*!40000 ALTER TABLE `oauth_refresh_tokens` ENABLE KEYS */;
UNLOCK TABLES;

--
-- Table structure for table `outlets`
--

DROP TABLE IF EXISTS `outlets`;
/*!40101 SET @saved_cs_client     = @@character_set_client */;
/*!50503 SET character_set_client = utf8mb4 */;
CREATE TABLE `outlets` (
  `id` bigint unsigned NOT NULL AUTO_INCREMENT,
  `name` varchar(191) COLLATE utf8mb4_unicode_ci NOT NULL,
  `address` varchar(191) COLLATE utf8mb4_unicode_ci NOT NULL,
  `phone` varchar(191) COLLATE utf8mb4_unicode_ci NOT NULL,
  `rating` double(8,2) NOT NULL,
  `laundry_type` json NOT NULL,
  `manhours` json NOT NULL,
  `owner_id` bigint unsigned NOT NULL,
  `created_at` timestamp NULL DEFAULT NULL,
  `updated_at` timestamp NULL DEFAULT NULL,
  `deleted_at` timestamp NULL DEFAULT NULL,
  PRIMARY KEY (`id`)
) ENGINE=InnoDB AUTO_INCREMENT=5 DEFAULT CHARSET=utf8mb4 COLLATE=utf8mb4_unicode_ci;
/*!40101 SET character_set_client = @saved_cs_client */;

--
-- Dumping data for table `outlets`
--

LOCK TABLES `outlets` WRITE;
/*!40000 ALTER TABLE `outlets` DISABLE KEYS */;
INSERT INTO `outlets` VALUES (1,'cuciin dong','sukasuka/pagesangan','081234',3.00,'[{\"id\": 2}, {\"id\": 3}]','[{\"jam_masuk\": \"8:00\", \"jam_pulang\": \"18:00\"}]',1,'2020-11-20 15:20:02','2020-11-20 15:20:02',NULL),(2,'cuciin dong 1','sukasuka/pagesangan','081234',3.00,'2','[{\"jam_masuk\": \"8:00\", \"jam_pulang\": \"18:00\"}]',1,'2020-11-20 19:38:41','2020-11-20 19:38:41',NULL),(3,'cuciin dong 3','sukasuka/pagesangan','081234',3.00,'2','{\"jam_masuk\": \"8:00\", \"jam_pulang\": \"18:00\"}',1,'2020-11-20 19:42:24','2020-11-20 19:42:24',NULL),(4,'cuciin dong 3','sukasuka/pagesangan','081234',3.00,'2','4',1,'2020-11-20 19:44:05','2020-11-20 19:44:05',NULL);
/*!40000 ALTER TABLE `outlets` ENABLE KEYS */;
UNLOCK TABLES;

--
-- Table structure for table `owners`
--

DROP TABLE IF EXISTS `owners`;
/*!40101 SET @saved_cs_client     = @@character_set_client */;
/*!50503 SET character_set_client = utf8mb4 */;
CREATE TABLE `owners` (
  `id` bigint unsigned NOT NULL AUTO_INCREMENT,
  `user_id` bigint unsigned NOT NULL,
  `created_at` timestamp NULL DEFAULT NULL,
  `updated_at` timestamp NULL DEFAULT NULL,
  `deleted_at` timestamp NULL DEFAULT NULL,
  PRIMARY KEY (`id`)
) ENGINE=InnoDB AUTO_INCREMENT=2 DEFAULT CHARSET=utf8mb4 COLLATE=utf8mb4_unicode_ci;
/*!40101 SET character_set_client = @saved_cs_client */;

--
-- Dumping data for table `owners`
--

LOCK TABLES `owners` WRITE;
/*!40000 ALTER TABLE `owners` DISABLE KEYS */;
INSERT INTO `owners` VALUES (1,4,'2020-11-29 19:59:18','2020-11-29 19:59:18',NULL);
/*!40000 ALTER TABLE `owners` ENABLE KEYS */;
UNLOCK TABLES;

--
-- Table structure for table `transactions`
--

DROP TABLE IF EXISTS `transactions`;
/*!40101 SET @saved_cs_client     = @@character_set_client */;
/*!50503 SET character_set_client = utf8mb4 */;
CREATE TABLE `transactions` (
  `id` bigint unsigned NOT NULL AUTO_INCREMENT,
  `po_number` varchar(191) COLLATE utf8mb4_unicode_ci NOT NULL,
  `address` varchar(191) COLLATE utf8mb4_unicode_ci NOT NULL,
  `price` int DEFAULT NULL,
  `amount` double(8,2) DEFAULT NULL,
  `laundry_type` json NOT NULL,
  `status` varchar(191) COLLATE utf8mb4_unicode_ci DEFAULT NULL,
  `customer_id` bigint unsigned NOT NULL,
  `outlet_id` bigint unsigned NOT NULL,
  `created_at` timestamp NULL DEFAULT NULL,
  `updated_at` timestamp NULL DEFAULT NULL,
  `deleted_at` timestamp NULL DEFAULT NULL,
  PRIMARY KEY (`id`)
) ENGINE=InnoDB AUTO_INCREMENT=70 DEFAULT CHARSET=utf8mb4 COLLATE=utf8mb4_unicode_ci;
/*!40101 SET character_set_client = @saved_cs_client */;

--
-- Dumping data for table `transactions`
--

LOCK TABLES `transactions` WRITE;
/*!40000 ALTER TABLE `transactions` DISABLE KEYS */;
INSERT INTO `transactions` VALUES (1,'LNDRY-2020/11/00001','sukasuka/pagesangan',9000,3.00,'{\"nama\": \"cuciin_dong\", \"berat\": 3, \"price\": 3000, \"jumlah\": 9000}','sedang dicuci',4,1,'2020-11-24 19:48:21','2020-11-24 19:48:21',NULL),(2,'LNDRY-2020/11/00002','sukasuka/pagesangan',100000000,10.00,'{\"nama\": \"cuciin_dong\", \"berat\": 3, \"price\": 3000, \"jumlah\": 9000}',NULL,4,1,'2020-11-29 12:46:03','2020-12-11 05:09:10',NULL),(4,'LNDRY-2020/12/00003','Clean Laundry',NULL,NULL,'1',NULL,4,2,'2020-12-03 01:59:24','2020-12-03 01:59:24',NULL),(5,'LNDRY-2020/12/00004','Clean Laundry',NULL,NULL,'1',NULL,4,2,'2020-12-03 01:59:29','2020-12-03 01:59:29',NULL),(6,'LNDRY-2020/12/00005','Clean Laundry',NULL,NULL,'1',NULL,4,2,'2020-12-03 01:59:29','2020-12-03 01:59:29',NULL),(7,'LNDRY-2020/12/00006','PAPA Laundry Surabaya',NULL,NULL,'1',NULL,4,2,'2020-12-03 03:47:04','2020-12-03 03:47:04',NULL),(8,'LNDRY-2020/12/00007','PAPA Laundry Surabaya',NULL,NULL,'1',NULL,4,2,'2020-12-03 03:54:38','2020-12-03 03:54:38',NULL),(9,'LNDRY-2020/12/00008','Clean Laundry',NULL,NULL,'1',NULL,4,2,'2020-12-03 04:44:11','2020-12-03 04:44:11',NULL),(10,'LNDRY-2020/12/00009','Clean Laundry',NULL,NULL,'1',NULL,4,2,'2020-12-03 04:44:13','2020-12-03 04:44:13',NULL),(11,'LNDRY-2020/12/00010','Clean Laundry',NULL,NULL,'1',NULL,4,2,'2020-12-03 04:44:13','2020-12-03 04:44:13',NULL),(12,'LNDRY-2020/12/00011','Clean Laundry',NULL,NULL,'1',NULL,4,2,'2020-12-03 04:44:13','2020-12-03 04:44:13',NULL),(13,'LNDRY-2020/12/00012','Clean Laundry',NULL,NULL,'1',NULL,4,2,'2020-12-03 04:44:14','2020-12-03 04:44:14',NULL),(14,'LNDRY-2020/12/00013','Clean Laundry',NULL,NULL,'1',NULL,4,2,'2020-12-03 04:44:14','2020-12-03 04:44:14',NULL),(15,'LNDRY-2020/12/00014','Clean Laundry',NULL,NULL,'1',NULL,4,2,'2020-12-03 04:44:15','2020-12-03 04:44:15',NULL),(16,'LNDRY-2020/12/00015','Clean Laundry',NULL,NULL,'1',NULL,4,2,'2020-12-03 04:44:15','2020-12-03 04:44:15',NULL),(17,'LNDRY-2020/12/00016','Clean Laundry',NULL,NULL,'1',NULL,4,2,'2020-12-03 04:44:15','2020-12-03 04:44:15',NULL),(18,'LNDRY-2020/12/00017','Clean Laundry',NULL,NULL,'1',NULL,4,2,'2020-12-03 04:44:15','2020-12-03 04:44:15',NULL),(19,'LNDRY-2020/12/00018','Clean Laundry',NULL,NULL,'1',NULL,4,2,'2020-12-03 04:44:20','2020-12-03 04:44:20',NULL),(20,'LNDRY-2020/12/00019','Clean Laundry',NULL,NULL,'1',NULL,4,2,'2020-12-03 04:44:20','2020-12-03 04:44:20',NULL),(21,'LNDRY-2020/12/00020','Clean Laundry',NULL,NULL,'1',NULL,4,2,'2020-12-03 04:44:20','2020-12-03 04:44:20',NULL),(22,'LNDRY-2020/12/00021','Clean Laundry',NULL,NULL,'1',NULL,4,2,'2020-12-03 05:33:07','2020-12-03 05:33:07',NULL),(23,'LNDRY-2020/12/00022','Clean Laundry',NULL,NULL,'1',NULL,4,2,'2020-12-03 05:33:07','2020-12-03 05:33:07',NULL),(24,'LNDRY-2020/12/00023','Clean Laundry',NULL,NULL,'1',NULL,4,2,'2020-12-03 05:33:07','2020-12-03 05:33:07',NULL),(25,'LNDRY-2020/12/00024','Clean Laundry',NULL,NULL,'1',NULL,4,2,'2020-12-03 05:33:07','2020-12-03 05:33:07',NULL),(26,'LNDRY-2020/12/00025','Clean Laundry',NULL,NULL,'1',NULL,4,2,'2020-12-03 05:33:07','2020-12-03 05:33:07',NULL),(27,'LNDRY-2020/12/00026','Clean Laundry',NULL,NULL,'1',NULL,4,2,'2020-12-03 05:33:07','2020-12-03 05:33:07',NULL),(28,'LNDRY-2020/12/00027','Clean Laundry',NULL,NULL,'1',NULL,4,2,'2020-12-03 05:33:45','2020-12-03 05:33:45',NULL),(29,'LNDRY-2020/12/00028','Clean Laundry',NULL,NULL,'1',NULL,4,2,'2020-12-03 05:33:45','2020-12-03 05:33:45',NULL),(30,'LNDRY-2020/12/00029','Clean Laundry',NULL,NULL,'1',NULL,4,2,'2020-12-03 05:33:46','2020-12-03 05:33:46',NULL),(31,'LNDRY-2020/12/00030','Clean Laundry',NULL,NULL,'1',NULL,4,2,'2020-12-03 05:33:46','2020-12-03 05:33:46',NULL),(32,'LNDRY-2020/12/00031','Clean Laundry',NULL,NULL,'1',NULL,4,2,'2020-12-03 05:33:46','2020-12-03 05:33:46',NULL),(33,'LNDRY-2020/12/00032','Clean Laundry',NULL,NULL,'1',NULL,4,2,'2020-12-03 05:33:47','2020-12-03 05:33:47',NULL),(34,'LNDRY-2020/12/00033','Clean Laundry',NULL,NULL,'1',NULL,4,2,'2020-12-03 05:33:54','2020-12-03 05:33:54',NULL),(35,'LNDRY-2020/12/00034','Clean Laundry',NULL,NULL,'1',NULL,4,2,'2020-12-03 05:33:55','2020-12-03 05:33:55',NULL),(36,'LNDRY-2020/12/00035','Clean Laundry',NULL,NULL,'1',NULL,4,2,'2020-12-03 05:33:55','2020-12-03 05:33:55',NULL),(37,'LNDRY-2020/12/00036','Clean Laundry',NULL,NULL,'1',NULL,4,2,'2020-12-03 05:34:10','2020-12-03 05:34:10',NULL),(38,'LNDRY-2020/12/00037','Clean Laundry',NULL,NULL,'1',NULL,4,2,'2020-12-03 05:34:12','2020-12-03 05:34:12',NULL),(39,'LNDRY-2020/12/00038','Clean Laundry',NULL,NULL,'1',NULL,4,2,'2020-12-03 05:34:12','2020-12-03 05:34:12',NULL),(40,'LNDRY-2020/12/00039','Clean Laundry',NULL,NULL,'1',NULL,4,2,'2020-12-03 05:34:12','2020-12-03 05:34:12',NULL),(41,'LNDRY-2020/12/00040','Clean Laundry',NULL,NULL,'1',NULL,4,2,'2020-12-03 05:34:13','2020-12-03 05:34:13',NULL),(42,'LNDRY-2020/12/00041','Clean Laundry',NULL,NULL,'1',NULL,4,2,'2020-12-03 05:34:13','2020-12-03 05:34:13',NULL),(43,'LNDRY-2020/12/00042','Clean Laundry',NULL,NULL,'1',NULL,4,2,'2020-12-03 05:35:09','2020-12-03 05:35:09',NULL),(44,'LNDRY-2020/12/00043','sukasuka/pagesangan',NULL,NULL,'{\"nama\": \"cuciin_dong\", \"berat\": 3, \"price\": 3000, \"jumlah\": 9000}',NULL,4,1,'2020-12-03 13:31:50','2020-12-03 13:31:50',NULL),(45,'LNDRY-2020/12/00044','Clean Laundry',NULL,NULL,'{\"data\": [{\"id\": 1, \"name\": \"Laundry Kilat\", \"created_at\": \"2020-11-21T08:38:19.000000Z\", \"updated_at\": \"2020-11-21T08:38:19.000000Z\"}, {\"id\": 2, \"name\": \"Laundry Cepat banget\", \"created_at\": \"2020-11-21T08:38:32.000000Z\", \"updated_at\": \"2020-11-21T08:38:32.000000Z\"}, {\"id\": 3, \"name\": \"Laundry Cepat banget\", \"created_at\": \"2020-11-25T13:10:26.000000Z\", \"updated_at\": \"2020-11-25T13:10:26.000000Z\"}], \"message\": \"List Laundry Type\", \"success\": true}',NULL,4,3,'2020-12-03 20:05:12','2020-12-03 20:05:12',NULL),(46,'LNDRY-2020/12/00045','Clean Laundry',NULL,NULL,'{\"data\": [{\"id\": 1, \"name\": \"Laundry Kilat\", \"created_at\": \"2020-11-21T08:38:19.000000Z\", \"updated_at\": \"2020-11-21T08:38:19.000000Z\"}, {\"id\": 2, \"name\": \"Laundry Cepat banget\", \"created_at\": \"2020-11-21T08:38:32.000000Z\", \"updated_at\": \"2020-11-21T08:38:32.000000Z\"}, {\"id\": 3, \"name\": \"Laundry Cepat banget\", \"created_at\": \"2020-11-25T13:10:26.000000Z\", \"updated_at\": \"2020-11-25T13:10:26.000000Z\"}], \"message\": \"List Laundry Type\", \"success\": true}',NULL,4,3,'2020-12-03 20:05:14','2020-12-03 20:05:14',NULL),(47,'LNDRY-2020/12/00046','Clean Laundry',NULL,NULL,'{\"data\": [{\"id\": 1, \"name\": \"Laundry Kilat\", \"created_at\": \"2020-11-21T08:38:19.000000Z\", \"updated_at\": \"2020-11-21T08:38:19.000000Z\"}, {\"id\": 2, \"name\": \"Laundry Cepat banget\", \"created_at\": \"2020-11-21T08:38:32.000000Z\", \"updated_at\": \"2020-11-21T08:38:32.000000Z\"}, {\"id\": 3, \"name\": \"Laundry Cepat banget\", \"created_at\": \"2020-11-25T13:10:26.000000Z\", \"updated_at\": \"2020-11-25T13:10:26.000000Z\"}], \"message\": \"List Laundry Type\", \"success\": true}',NULL,4,3,'2020-12-03 20:05:14','2020-12-03 20:05:14',NULL),(48,'LNDRY-2020/12/00047','Clean Laundry',NULL,NULL,'{\"data\": [{\"id\": 1, \"name\": \"Laundry Kilat\", \"created_at\": \"2020-11-21T08:38:19.000000Z\", \"updated_at\": \"2020-11-21T08:38:19.000000Z\"}, {\"id\": 2, \"name\": \"Laundry Cepat banget\", \"created_at\": \"2020-11-21T08:38:32.000000Z\", \"updated_at\": \"2020-11-21T08:38:32.000000Z\"}, {\"id\": 3, \"name\": \"Laundry Cepat banget\", \"created_at\": \"2020-11-25T13:10:26.000000Z\", \"updated_at\": \"2020-11-25T13:10:26.000000Z\"}], \"message\": \"List Laundry Type\", \"success\": true}',NULL,4,3,'2020-12-03 20:05:14','2020-12-03 20:05:14',NULL),(49,'LNDRY-2020/12/00048','Clean Laundry',NULL,NULL,'{\"data\": [{\"id\": 1, \"name\": \"Laundry Kilat\", \"created_at\": \"2020-11-21T08:38:19.000000Z\", \"updated_at\": \"2020-11-21T08:38:19.000000Z\"}, {\"id\": 2, \"name\": \"Laundry Cepat banget\", \"created_at\": \"2020-11-21T08:38:32.000000Z\", \"updated_at\": \"2020-11-21T08:38:32.000000Z\"}, {\"id\": 3, \"name\": \"Laundry Cepat banget\", \"created_at\": \"2020-11-25T13:10:26.000000Z\", \"updated_at\": \"2020-11-25T13:10:26.000000Z\"}], \"message\": \"List Laundry Type\", \"success\": true}',NULL,4,3,'2020-12-03 20:05:14','2020-12-03 20:05:14',NULL),(50,'LNDRY-2020/12/00049','Clean Laundry',NULL,NULL,'{\"data\": [{\"id\": 1, \"name\": \"Laundry Kilat\", \"created_at\": \"2020-11-21T08:38:19.000000Z\", \"updated_at\": \"2020-11-21T08:38:19.000000Z\"}, {\"id\": 2, \"name\": \"Laundry Cepat banget\", \"created_at\": \"2020-11-21T08:38:32.000000Z\", \"updated_at\": \"2020-11-21T08:38:32.000000Z\"}, {\"id\": 3, \"name\": \"Laundry Cepat banget\", \"created_at\": \"2020-11-25T13:10:26.000000Z\", \"updated_at\": \"2020-11-25T13:10:26.000000Z\"}], \"message\": \"List Laundry Type\", \"success\": true}',NULL,4,3,'2020-12-03 20:05:14','2020-12-03 20:05:14',NULL),(51,'LNDRY-2020/12/00050','Clean Laundry',NULL,NULL,'{\"data\": [{\"id\": 1, \"name\": \"Laundry Kilat\", \"created_at\": \"2020-11-21T08:38:19.000000Z\", \"updated_at\": \"2020-11-21T08:38:19.000000Z\"}, {\"id\": 2, \"name\": \"Laundry Cepat banget\", \"created_at\": \"2020-11-21T08:38:32.000000Z\", \"updated_at\": \"2020-11-21T08:38:32.000000Z\"}, {\"id\": 3, \"name\": \"Laundry Cepat banget\", \"created_at\": \"2020-11-25T13:10:26.000000Z\", \"updated_at\": \"2020-11-25T13:10:26.000000Z\"}], \"message\": \"List Laundry Type\", \"success\": true}',NULL,4,3,'2020-12-03 20:05:15','2020-12-03 20:05:15',NULL),(52,'LNDRY-2020/12/00051','Clean Laundry',NULL,NULL,'{\"data\": [{\"id\": 1, \"name\": \"Laundry Kilat\", \"created_at\": \"2020-11-21T08:38:19.000000Z\", \"updated_at\": \"2020-11-21T08:38:19.000000Z\"}, {\"id\": 2, \"name\": \"Laundry Cepat banget\", \"created_at\": \"2020-11-21T08:38:32.000000Z\", \"updated_at\": \"2020-11-21T08:38:32.000000Z\"}, {\"id\": 3, \"name\": \"Laundry Cepat banget\", \"created_at\": \"2020-11-25T13:10:26.000000Z\", \"updated_at\": \"2020-11-25T13:10:26.000000Z\"}], \"message\": \"List Laundry Type\", \"success\": true}',NULL,4,3,'2020-12-03 20:05:15','2020-12-03 20:05:15',NULL),(53,'LNDRY-2020/12/00052','Clean Laundry',NULL,NULL,'{\"data\": [{\"id\": 1, \"name\": \"Laundry Kilat\", \"created_at\": \"2020-11-21T08:38:19.000000Z\", \"updated_at\": \"2020-11-21T08:38:19.000000Z\"}, {\"id\": 2, \"name\": \"Laundry Cepat banget\", \"created_at\": \"2020-11-21T08:38:32.000000Z\", \"updated_at\": \"2020-11-21T08:38:32.000000Z\"}, {\"id\": 3, \"name\": \"Laundry Cepat banget\", \"created_at\": \"2020-11-25T13:10:26.000000Z\", \"updated_at\": \"2020-11-25T13:10:26.000000Z\"}], \"message\": \"List Laundry Type\", \"success\": true}',NULL,4,3,'2020-12-03 20:05:15','2020-12-03 20:05:15',NULL),(54,'LNDRY-2020/12/00053','Clean Laundry',NULL,NULL,'{\"data\": [{\"id\": 1, \"name\": \"Laundry Kilat\", \"created_at\": \"2020-11-21T08:38:19.000000Z\", \"updated_at\": \"2020-11-21T08:38:19.000000Z\"}, {\"id\": 2, \"name\": \"Laundry Cepat banget\", \"created_at\": \"2020-11-21T08:38:32.000000Z\", \"updated_at\": \"2020-11-21T08:38:32.000000Z\"}, {\"id\": 3, \"name\": \"Laundry Cepat banget\", \"created_at\": \"2020-11-25T13:10:26.000000Z\", \"updated_at\": \"2020-11-25T13:10:26.000000Z\"}], \"message\": \"List Laundry Type\", \"success\": true}',NULL,4,3,'2020-12-03 20:05:15','2020-12-03 20:05:15',NULL),(55,'LNDRY-2020/12/00054','Clean Laundry',NULL,NULL,'{\"data\": [{\"id\": 1, \"name\": \"Laundry Kilat\", \"created_at\": \"2020-11-21T08:38:19.000000Z\", \"updated_at\": \"2020-11-21T08:38:19.000000Z\"}, {\"id\": 2, \"name\": \"Laundry Cepat banget\", \"created_at\": \"2020-11-21T08:38:32.000000Z\", \"updated_at\": \"2020-11-21T08:38:32.000000Z\"}, {\"id\": 3, \"name\": \"Laundry Cepat banget\", \"created_at\": \"2020-11-25T13:10:26.000000Z\", \"updated_at\": \"2020-11-25T13:10:26.000000Z\"}], \"message\": \"List Laundry Type\", \"success\": true}',NULL,4,3,'2020-12-03 20:05:15','2020-12-03 20:05:15',NULL),(56,'LNDRY-2020/12/00055','Clean Laundry',NULL,NULL,'{\"data\": [{\"id\": 1, \"name\": \"Laundry Kilat\", \"created_at\": \"2020-11-21T08:38:19.000000Z\", \"updated_at\": \"2020-11-21T08:38:19.000000Z\"}, {\"id\": 2, \"name\": \"Laundry Cepat banget\", \"created_at\": \"2020-11-21T08:38:32.000000Z\", \"updated_at\": \"2020-11-21T08:38:32.000000Z\"}, {\"id\": 3, \"name\": \"Laundry Cepat banget\", \"created_at\": \"2020-11-25T13:10:26.000000Z\", \"updated_at\": \"2020-11-25T13:10:26.000000Z\"}], \"message\": \"List Laundry Type\", \"success\": true}',NULL,4,3,'2020-12-03 20:05:16','2020-12-03 20:05:16',NULL),(57,'LNDRY-2020/12/00056','Clean Laundry',NULL,NULL,'{\"data\": [{\"id\": 1, \"name\": \"Laundry Kilat\", \"created_at\": \"2020-11-21T08:38:19.000000Z\", \"updated_at\": \"2020-11-21T08:38:19.000000Z\"}, {\"id\": 2, \"name\": \"Laundry Cepat banget\", \"created_at\": \"2020-11-21T08:38:32.000000Z\", \"updated_at\": \"2020-11-21T08:38:32.000000Z\"}, {\"id\": 3, \"name\": \"Laundry Cepat banget\", \"created_at\": \"2020-11-25T13:10:26.000000Z\", \"updated_at\": \"2020-11-25T13:10:26.000000Z\"}], \"message\": \"List Laundry Type\", \"success\": true}',NULL,4,3,'2020-12-03 20:05:18','2020-12-03 20:05:18',NULL),(58,'LNDRY-2020/12/00057','Clean Laundry',NULL,NULL,'{\"data\": [{\"id\": 1, \"name\": \"Laundry Kilat\", \"created_at\": \"2020-11-21T08:38:19.000000Z\", \"updated_at\": \"2020-11-21T08:38:19.000000Z\"}, {\"id\": 2, \"name\": \"Laundry Cepat banget\", \"created_at\": \"2020-11-21T08:38:32.000000Z\", \"updated_at\": \"2020-11-21T08:38:32.000000Z\"}, {\"id\": 3, \"name\": \"Laundry Cepat banget\", \"created_at\": \"2020-11-25T13:10:26.000000Z\", \"updated_at\": \"2020-11-25T13:10:26.000000Z\"}], \"message\": \"List Laundry Type\", \"success\": true}',NULL,4,3,'2020-12-03 20:05:24','2020-12-03 20:05:24',NULL),(59,'LNDRY-2020/12/00058','Clean Laundry',NULL,NULL,'{\"data\": [{\"id\": 1, \"name\": \"Laundry Kilat\", \"created_at\": \"2020-11-21T08:38:19.000000Z\", \"updated_at\": \"2020-11-21T08:38:19.000000Z\"}, {\"id\": 2, \"name\": \"Laundry Cepat banget\", \"created_at\": \"2020-11-21T08:38:32.000000Z\", \"updated_at\": \"2020-11-21T08:38:32.000000Z\"}, {\"id\": 3, \"name\": \"Laundry Cepat banget\", \"created_at\": \"2020-11-25T13:10:26.000000Z\", \"updated_at\": \"2020-11-25T13:10:26.000000Z\"}], \"message\": \"List Laundry Type\", \"success\": true}',NULL,4,3,'2020-12-03 20:05:25','2020-12-03 20:05:25',NULL),(60,'LNDRY-2020/12/00059','Clean Laundry',NULL,NULL,'{\"data\": [{\"id\": 1, \"name\": \"Laundry Kilat\", \"created_at\": \"2020-11-21T08:38:19.000000Z\", \"updated_at\": \"2020-11-21T08:38:19.000000Z\"}, {\"id\": 2, \"name\": \"Laundry Cepat banget\", \"created_at\": \"2020-11-21T08:38:32.000000Z\", \"updated_at\": \"2020-11-21T08:38:32.000000Z\"}, {\"id\": 3, \"name\": \"Laundry Cepat banget\", \"created_at\": \"2020-11-25T13:10:26.000000Z\", \"updated_at\": \"2020-11-25T13:10:26.000000Z\"}], \"message\": \"List Laundry Type\", \"success\": true}',NULL,4,3,'2020-12-03 20:06:44','2020-12-03 20:06:44',NULL),(61,'LNDRY-2020/12/00060','Clean Laundry',NULL,NULL,'{\"data\": [{\"id\": 1, \"name\": \"Laundry Kilat\", \"created_at\": \"2020-11-21T08:38:19.000000Z\", \"updated_at\": \"2020-11-21T08:38:19.000000Z\"}, {\"id\": 2, \"name\": \"Laundry Cepat banget\", \"created_at\": \"2020-11-21T08:38:32.000000Z\", \"updated_at\": \"2020-11-21T08:38:32.000000Z\"}, {\"id\": 3, \"name\": \"Laundry Cepat banget\", \"created_at\": \"2020-11-25T13:10:26.000000Z\", \"updated_at\": \"2020-11-25T13:10:26.000000Z\"}], \"message\": \"List Laundry Type\", \"success\": true}',NULL,4,3,'2020-12-03 20:07:58','2020-12-03 20:07:58',NULL),(62,'LNDRY-2020/12/00061','Clean Laundry',NULL,NULL,'{\"data\": [{\"id\": 1, \"name\": \"Laundry Kilat\", \"created_at\": \"2020-11-21T08:38:19.000000Z\", \"updated_at\": \"2020-11-21T08:38:19.000000Z\"}, {\"id\": 2, \"name\": \"Laundry Cepat banget\", \"created_at\": \"2020-11-21T08:38:32.000000Z\", \"updated_at\": \"2020-11-21T08:38:32.000000Z\"}, {\"id\": 3, \"name\": \"Laundry Cepat banget\", \"created_at\": \"2020-11-25T13:10:26.000000Z\", \"updated_at\": \"2020-11-25T13:10:26.000000Z\"}], \"message\": \"List Laundry Type\", \"success\": true}',NULL,4,3,'2020-12-03 20:08:06','2020-12-03 20:08:06',NULL),(63,'LNDRY-2020/12/00062','Clean Laundry',NULL,NULL,'{\"data\": [{\"id\": 1, \"name\": \"Laundry Kilat\", \"created_at\": \"2020-11-21T08:38:19.000000Z\", \"updated_at\": \"2020-11-21T08:38:19.000000Z\"}, {\"id\": 2, \"name\": \"Laundry Cepat banget\", \"created_at\": \"2020-11-21T08:38:32.000000Z\", \"updated_at\": \"2020-11-21T08:38:32.000000Z\"}, {\"id\": 3, \"name\": \"Laundry Cepat banget\", \"created_at\": \"2020-11-25T13:10:26.000000Z\", \"updated_at\": \"2020-11-25T13:10:26.000000Z\"}], \"message\": \"List Laundry Type\", \"success\": true}',NULL,4,3,'2020-12-03 20:11:59','2020-12-03 20:11:59',NULL),(64,'LNDRY-2020/12/00063','PAPA Laundry Surabaya',NULL,NULL,'{\"data\": [{\"id\": 1, \"name\": \"Laundry Kilat\", \"created_at\": \"2020-11-21T08:38:19.000000Z\", \"updated_at\": \"2020-11-21T08:38:19.000000Z\"}, {\"id\": 2, \"name\": \"Laundry Cepat banget\", \"created_at\": \"2020-11-21T08:38:32.000000Z\", \"updated_at\": \"2020-11-21T08:38:32.000000Z\"}, {\"id\": 3, \"name\": \"Laundry Cepat banget\", \"created_at\": \"2020-11-25T13:10:26.000000Z\", \"updated_at\": \"2020-11-25T13:10:26.000000Z\"}], \"message\": \"List Laundry Type\", \"success\": true}',NULL,4,3,'2020-12-03 20:14:35','2020-12-03 20:14:35',NULL),(65,'LNDRY-2020/12/00064','Clean Laundry',NULL,NULL,'{\"data\": [{\"id\": 1, \"name\": \"Laundry Kilat\", \"created_at\": \"2020-11-21T08:38:19.000000Z\", \"updated_at\": \"2020-11-21T08:38:19.000000Z\"}, {\"id\": 2, \"name\": \"Laundry Cepat banget\", \"created_at\": \"2020-11-21T08:38:32.000000Z\", \"updated_at\": \"2020-11-21T08:38:32.000000Z\"}, {\"id\": 3, \"name\": \"Laundry Cepat banget\", \"created_at\": \"2020-11-25T13:10:26.000000Z\", \"updated_at\": \"2020-11-25T13:10:26.000000Z\"}], \"message\": \"List Laundry Type\", \"success\": true}',NULL,4,3,'2020-12-03 20:15:40','2020-12-03 20:15:40',NULL),(66,'LNDRY-2020/12/00065','sukasuka/pagesangan',NULL,NULL,'[{\"nama\": \"cuciin_dong\", \"berat\": 3, \"price\": 3000, \"jumlah\": 9000}, {\"nama\": \"cuciin_dong2\", \"berat\": 5, \"price\": 5000, \"jumlah\": 25000}]',NULL,4,1,'2020-12-06 05:49:06','2020-12-06 05:49:06',NULL),(67,'LNDRY-2020/12/00066','sukasuka/pagesangan',NULL,NULL,'[{\"nama\": \"cuciin_dong\", \"berat\": 3, \"price\": 3000, \"jumlah\": 9000}, {\"nama\": \"cuciin_dong2\", \"berat\": 5, \"price\": 5000, \"jumlah\": 25000}]',NULL,4,1,'2020-12-10 21:16:24','2020-12-10 21:16:24',NULL),(68,'LNDRY-2020/12/00067','Wenter Jeans AW',NULL,NULL,'{\"data\": [{\"id\": 1, \"name\": \"Laundry Kilat\", \"created_at\": \"2020-11-21T08:38:19.000000Z\", \"updated_at\": \"2020-11-21T08:38:19.000000Z\"}, {\"id\": 2, \"name\": \"Laundry Cepat banget\", \"created_at\": \"2020-11-21T08:38:32.000000Z\", \"updated_at\": \"2020-11-21T08:38:32.000000Z\"}, {\"id\": 3, \"name\": \"Laundry Cepat banget\", \"created_at\": \"2020-11-25T13:10:26.000000Z\", \"updated_at\": \"2020-11-25T13:10:26.000000Z\"}], \"message\": \"List Laundry Type\", \"success\": true}',NULL,4,3,'2020-12-13 03:02:08','2020-12-13 03:02:08',NULL),(69,'LNDRY-2020/12/00068','Findy Laundry',NULL,NULL,'{\"data\": [{\"id\": 1, \"name\": \"Laundry Kilat\", \"created_at\": \"2020-11-21T08:38:19.000000Z\", \"updated_at\": \"2020-11-21T08:38:19.000000Z\"}, {\"id\": 2, \"name\": \"Laundry Cepat banget\", \"created_at\": \"2020-11-21T08:38:32.000000Z\", \"updated_at\": \"2020-11-21T08:38:32.000000Z\"}, {\"id\": 3, \"name\": \"Laundry Cepat banget\", \"created_at\": \"2020-11-25T13:10:26.000000Z\", \"updated_at\": \"2020-11-25T13:10:26.000000Z\"}], \"message\": \"List Laundry Type\", \"success\": true}',NULL,4,3,'2020-12-15 02:48:11','2020-12-15 02:48:11',NULL);
/*!40000 ALTER TABLE `transactions` ENABLE KEYS */;
UNLOCK TABLES;

--
-- Table structure for table `users`
--

DROP TABLE IF EXISTS `users`;
/*!40101 SET @saved_cs_client     = @@character_set_client */;
/*!50503 SET character_set_client = utf8mb4 */;
CREATE TABLE `users` (
  `id` bigint unsigned NOT NULL AUTO_INCREMENT,
  `full_name` varchar(255) COLLATE utf8mb4_unicode_ci NOT NULL,
  `username` varchar(255) COLLATE utf8mb4_unicode_ci NOT NULL,
  `email` varchar(255) COLLATE utf8mb4_unicode_ci NOT NULL,
  `phone` varchar(255) COLLATE utf8mb4_unicode_ci NOT NULL,
  `password` varchar(255) COLLATE utf8mb4_unicode_ci NOT NULL,
  `remember_token` varchar(100) COLLATE utf8mb4_unicode_ci DEFAULT NULL,
  `created_at` timestamp NULL DEFAULT NULL,
  `updated_at` timestamp NULL DEFAULT NULL,
  `deleted_at` timestamp NULL DEFAULT NULL,
  PRIMARY KEY (`id`),
  UNIQUE KEY `users_email_unique` (`email`),
  UNIQUE KEY `users_phone_unique` (`phone`)
) ENGINE=InnoDB AUTO_INCREMENT=44 DEFAULT CHARSET=utf8mb4 COLLATE=utf8mb4_unicode_ci;
/*!40101 SET character_set_client = @saved_cs_client */;

--
-- Dumping data for table `users`
--

LOCK TABLES `users` WRITE;
/*!40000 ALTER TABLE `users` DISABLE KEYS */;
INSERT INTO `users` VALUES (4,'Dary Winata','darywinata','dary.winata15@gmail.com','08122011096','$2y$10$sCa8pS8s0wyJEx9Cfrnjj.wMpgyuIuFEA596gPm.6DLX/U.elqjg.',NULL,'2020-10-14 02:16:24','2020-10-14 02:16:24',NULL);
/*!40000 ALTER TABLE `users` ENABLE KEYS */;
UNLOCK TABLES;
/*!40103 SET TIME_ZONE=@OLD_TIME_ZONE */;

/*!40101 SET SQL_MODE=@OLD_SQL_MODE */;
/*!40014 SET FOREIGN_KEY_CHECKS=@OLD_FOREIGN_KEY_CHECKS */;
/*!40014 SET UNIQUE_CHECKS=@OLD_UNIQUE_CHECKS */;
/*!40101 SET CHARACTER_SET_CLIENT=@OLD_CHARACTER_SET_CLIENT */;
/*!40101 SET CHARACTER_SET_RESULTS=@OLD_CHARACTER_SET_RESULTS */;
/*!40101 SET COLLATION_CONNECTION=@OLD_COLLATION_CONNECTION */;
/*!40111 SET SQL_NOTES=@OLD_SQL_NOTES */;

-- Dump completed on 2020-12-17 17:21:06
